<?xml version="1.0" encoding="utf-8"?>
<!--/251548/1105701/2.50/6/4/Connector/-->
<quadcept_library>
  <setting unit="mil" />
  <textstyle name="Default" height="47.244094488189" strokewidth="7.8740157480315" charwidth="47.244094488189" />
  <textstyle name="Dimension" height="19.6850393700787" strokewidth="0" charwidth="19.6850393700787" />
  <textstyle name="H127W0635TH00762" height="50" strokewidth="3" charwidth="25" />
  <textstyle name="H15W15TH02" height="59.0551181102362" strokewidth="7.8740157480315" charwidth="59.0551181102362" />
  <padstyle name="r130_65" surface="True" plated="False" isvia="False" nopaste="False" nomask="True" complex="False" holesize="0">
    <padshape layer="TOP" shape="rectangle" width="25.590551181102" height="51.181102362204" />
    <padshape layer="TOP_SOLDER_MASK" shape="rectangle" width="33.464566929133" height="59.055118110235" />
    <padshape layer="TOP_SOLDER_PASTE" shape="rectangle" width="25.590551181102" height="51.181102362204" />
  </padstyle>
  <padstyle name="r180_48" surface="True" plated="False" isvia="False" nopaste="False" nomask="True" complex="False" holesize="0">
    <padshape layer="TOP" shape="rectangle" width="18.897637795275" height="70.866141732283" />
    <padshape layer="TOP_SOLDER_MASK" shape="rectangle" width="26.771653543307" height="78.740157480314" />
    <padshape layer="TOP_SOLDER_PASTE" shape="rectangle" width="18.897637795275" height="70.866141732283" />
  </padstyle>
  <padstyle name="r103_100" surface="True" plated="False" isvia="False" nopaste="False" nomask="True" complex="False" holesize="0">
    <padshape layer="TOP" shape="rectangle" width="39.370078740157" height="40.551181102362" />
    <padshape layer="TOP_SOLDER_MASK" shape="rectangle" width="47.244094488188" height="48.425196850393" />
    <padshape layer="TOP_SOLDER_PASTE" shape="rectangle" width="39.370078740157" height="40.551181102362" />
  </padstyle>
  <footprint name="693043020611" originx="0" originy="0" pickpointx="0" pickpointy="0">
    <pcbpin number="1" name="C1" style="r130_65" originx="75.1968503937" originy="227.16535433071" rotation="0" />
    <pcbpin number="2" name="C2" style="r130_65" originx="-24.803149606299" originy="227.16535433071" rotation="0" />
    <pcbpin number="3" name="C3" style="r130_65" originx="-74.803149606298" originy="227.16535433071" rotation="0" />
    <pcbpin number="4" name="C5" style="r130_65" originx="125.1968503937" originy="227.16535433071" rotation="0" />
    <pcbpin number="5" name="C6" style="r130_65" originx="25.1968503937" originy="227.16535433071" rotation="0" />
    <pcbpin number="6" name="C7" style="r130_65" originx="-124.8031496063" originy="227.16535433071" rotation="0" />
    <pcbpin number="7" name="P1" style="r180_48" originx="-183.85826771653" originy="200.7874015748" rotation="0" />
    <pcbpin number="8" name="P2" style="r180_48" originx="-183.85826771653" originy="-25.590551181102" rotation="0" />
    <pcbpin number="9" name="P3" style="r103_100" originx="-175.7874015748" originy="-250.7874015748" rotation="90" />
    <pcbpin number="10" name="P4" style="r103_100" originx="175.7874015748" originy="-250.7874015748" rotation="90" />
    <pcbpin number="11" name="P5" style="r180_48" originx="183.46456692913" originy="-25.590551181102" rotation="0" />
    <pcbpin number="12" name="P6" style="r180_48" originx="183.46456692913" originy="200.7874015748" rotation="0" />
    <line layer="TOP_ASSEMBLY" originx="-188.18897637795" originy="231.10236220472" endx="188.18897637795" endy="231.10236220472" width="7.8740157480314" />
    <line layer="TOP_ASSEMBLY" originx="188.18897637795" originy="231.10236220472" endx="188.18897637795" endy="-261.02362204724" width="7.8740157480314" />
    <line layer="TOP_ASSEMBLY" originx="188.18897637795" originy="-261.02362204724" endx="-188.18897637795" endy="-261.02362204724" width="7.8740157480314" />
    <line layer="TOP_ASSEMBLY" originx="-188.18897637795" originy="-261.02362204724" endx="-188.18897637795" endy="231.10236220472" width="7.8740157480314" />
    <line layer="TOP_PLACE_BOUND" originx="-235.43307086614" originy="309.84251968504" endx="235.43307086614" endy="309.84251968504" width="3.9370078740157" />
    <line layer="TOP_PLACE_BOUND" originx="235.43307086614" originy="309.84251968504" endx="235.43307086614" endy="-309.84251968504" width="3.9370078740157" />
    <line layer="TOP_PLACE_BOUND" originx="235.43307086614" originy="-309.84251968504" endx="-235.43307086614" endy="-309.84251968504" width="3.9370078740157" />
    <line layer="TOP_PLACE_BOUND" originx="-235.43307086614" originy="-309.84251968504" endx="-235.43307086614" endy="309.84251968504" width="3.9370078740157" />
    <line layer="TOP_SILKSCREEN" originx="-188.18897637795" originy="156.29921259842" endx="-188.18897637795" endy="18.503937007874" width="3.9370078740157" />
    <line layer="TOP_SILKSCREEN" originx="-188.18897637795" originy="-72.047244094487" endx="-188.18897637795" endy="-221.65354330708" width="3.9370078740157" />
    <line layer="TOP_SILKSCREEN" originx="188.18897637795" originy="156.29921259842" endx="188.18897637795" endy="18.503937007874" width="3.9370078740157" />
    <line layer="TOP_SILKSCREEN" originx="188.18897637795" originy="-72.047244094487" endx="188.18897637795" endy="-221.65354330708" width="3.9370078740157" />
    <line layer="TOP_SILKSCREEN" originx="-137.79527559055" originy="-261.02362204724" endx="137.79527559055" endy="-261.02362204724" width="3.9370078740157" />
    <line layer="TOP_SILKSCREEN" originx="70.866141732283" originy="266.53543307086" endx="70.866141732283" endy="266.53543307086" width="7.8740157480314" />
    <arc layer="TOP_SILKSCREEN" originx="74.803149606298" originy="266.53543307086" startangle="180.0" sweepangle="-180.0" radius="3.9370078740157" width="7.8740157480314" />
    <line layer="TOP_SILKSCREEN" originx="78.740157480314" originy="266.53543307086" endx="78.740157480314" endy="266.53543307086" width="7.8740157480314" />
    <arc layer="TOP_SILKSCREEN" originx="74.803149606298" originy="266.53543307086" startangle=".0" sweepangle="-180.0" radius="3.9370078740157" width="7.8740157480314" />
  </footprint>
  <symbol name="693043020611" originx="0" originy="0">
    <line originx="200" originy="100" endx="800" endy="100" width="0" />
    <line originx="800" originy="-300" endx="800" endy="100" width="0" />
    <line originx="800" originy="-300" endx="200" endy="-300" width="0" />
    <line originx="200" originy="100" endx="200" endy="-300" width="0" />
    <sympin number="1" originx="200" originy="0" rotation="180" length="100" width="7.8740157480315" flipped="False">
      <text name="pinname" originx="230" originy="0" style="Default" rotation="0" justify="left" flipped="False" hidden="False" data="VCC" />
      <text name="pindes" originx="140" originy="20" style="Default" rotation="0" justify="lowerright" flipped="False" hidden="False" data="C1" />
    </sympin>
    <sympin number="2" originx="200" originy="-100" rotation="180" length="100" width="7.8740157480315" flipped="False">
      <text name="pinname" originx="230" originy="-100" style="Default" rotation="0" justify="left" flipped="False" hidden="False" data="RST" />
      <text name="pindes" originx="140" originy="-80" style="Default" rotation="0" justify="lowerright" flipped="False" hidden="False" data="C2" />
    </sympin>
    <sympin number="3" originx="200" originy="-200" rotation="180" length="100" width="7.8740157480315" flipped="False">
      <text name="pinname" originx="230" originy="-200" style="Default" rotation="0" justify="left" flipped="False" hidden="False" data="CLK" />
      <text name="pindes" originx="140" originy="-180" style="Default" rotation="0" justify="lowerright" flipped="False" hidden="False" data="C3" />
    </sympin>
    <sympin number="4" originx="800" originy="0" rotation="0" length="100" width="7.8740157480315" flipped="False">
      <text name="pinname" originx="770" originy="0" style="Default" rotation="0" justify="right" flipped="False" hidden="False" data="GND" />
      <text name="pindes" originx="860" originy="20" style="Default" rotation="0" justify="lowerleft" flipped="False" hidden="False" data="C5" />
    </sympin>
    <sympin number="5" originx="800" originy="-100" rotation="0" length="100" width="7.8740157480315" flipped="False">
      <text name="pinname" originx="770" originy="-100" style="Default" rotation="0" justify="right" flipped="False" hidden="False" data="VPP" />
      <text name="pindes" originx="860" originy="-80" style="Default" rotation="0" justify="lowerleft" flipped="False" hidden="False" data="C6" />
    </sympin>
    <sympin number="6" originx="800" originy="-200" rotation="0" length="100" width="7.8740157480315" flipped="False">
      <text name="pinname" originx="770" originy="-200" style="Default" rotation="0" justify="right" flipped="False" hidden="False" data="I/O" />
      <text name="pindes" originx="860" originy="-180" style="Default" rotation="0" justify="lowerleft" flipped="False" hidden="False" data="C7" />
    </sympin>
  </symbol>
  <component name="693043020611" designatorprefix="J" height="0" footprint="693043020611">
    <comppin designator="C1" sympin="1" pinswap="0" gateswap="0" gate="1" group="1" side="" type="Any" name="VCC" />
    <comppin designator="C2" sympin="2" pinswap="0" gateswap="0" gate="1" group="1" side="" type="Any" name="RST" />
    <comppin designator="C3" sympin="3" pinswap="0" gateswap="0" gate="1" group="1" side="" type="Any" name="CLK" />
    <comppin designator="C5" sympin="4" pinswap="0" gateswap="0" gate="1" group="1" side="" type="Any" name="GND" />
    <comppin designator="C6" sympin="5" pinswap="0" gateswap="0" gate="1" group="1" side="" type="Any" name="VPP" />
    <comppin designator="C7" sympin="6" pinswap="0" gateswap="0" gate="1" group="1" side="" type="Any" name="I/O" />
    <attached_symbol gate="1" name="693043020611" />
    <pinmap designator="C1" footprintpin="1" />
    <pinmap designator="C2" footprintpin="2" />
    <pinmap designator="C3" footprintpin="3" />
    <pinmap designator="C5" footprintpin="4" />
    <pinmap designator="C6" footprintpin="5" />
    <pinmap designator="C7" footprintpin="6" />
    <text name="Datasheet" originx="0" originy="0" style="Default" rotation="0" justify="" flipped="False" hidden="True" data="http://katalog.we-online.de/em/datasheet/693043020611.pdf" />
    <text name="Description" originx="0" originy="0" style="Default" rotation="0" justify="" flipped="False" hidden="True" data="Memory Card Connectors WR-CRD Nano SIM SMT 1.2mm Push/Pull" />
    <text name="Mouser Part Number" originx="0" originy="0" style="Default" rotation="0" justify="" flipped="False" hidden="True" data="710-693043020611" />
    <text name="Mouser Price/Stock" originx="0" originy="0" style="Default" rotation="0" justify="" flipped="False" hidden="True" data="https://www.mouser.co.uk/ProductDetail/Wurth-Elektronik/693043020611?qs=a9WhcLg8qCwC%2FpVEDAdA2Q%3D%3D" />
    <text name="Manufacturer_Name" originx="0" originy="0" style="Default" rotation="0" justify="" flipped="False" hidden="True" data="Wurth Elektronik" />
    <text name="Manufacturer_Part_Number" originx="850" originy="200" style="Default" rotation="0" justify="left" flipped="False" hidden="False" data="693043020611" />
  </component>
</quadcept_library>
