<?xml version="1.0" encoding="utf-8"?>
<!--/1239758/1105701/2.50/4/2/Antenna/-->
<quadcept_library>
  <setting unit="mil" />
  <textstyle name="Default" height="47.244094488189" strokewidth="7.8740157480315" charwidth="47.244094488189" />
  <textstyle name="Dimension" height="19.6850393700787" strokewidth="0" charwidth="19.6850393700787" />
  <textstyle name="H127W0635TH00762" height="50" strokewidth="3" charwidth="25" />
  <textstyle name="H15W15TH02" height="59.0551181102362" strokewidth="7.8740157480315" charwidth="59.0551181102362" />
  <padstyle name="r80_35" surface="True" plated="False" isvia="False" nopaste="False" nomask="True" complex="False" holesize="0">
    <padshape layer="TOP" shape="rectangle" width="13.779527559055" height="31.496062992126" />
    <padshape layer="TOP_SOLDER_MASK" shape="rectangle" width="21.653543307086" height="39.370078740157" />
    <padshape layer="TOP_SOLDER_PASTE" shape="rectangle" width="13.779527559055" height="31.496062992126" />
  </padstyle>
  <padstyle name="r60_26" surface="True" plated="False" isvia="False" nopaste="False" nomask="True" complex="False" holesize="0">
    <padshape layer="TOP" shape="rectangle" width="10.236220472441" height="23.622047244094" />
    <padshape layer="TOP_SOLDER_MASK" shape="rectangle" width="18.110236220472" height="31.496062992126" />
    <padshape layer="TOP_SOLDER_PASTE" shape="rectangle" width="10.236220472441" height="23.622047244094" />
  </padstyle>
  <footprint name="ANT161575ST1202A1" originx="0" originy="0" pickpointx="0" pickpointy="0">
    <pcbpin number="1" name="1" style="r80_35" originx="-24.606299212598" originy="0" rotation="0" />
    <pcbpin number="2" name="4" style="r80_35" originx="24.606299212598" originy="0" rotation="0" />
    <pcbpin number="3" name="D1" style="r60_26" originx="0" originy="9.2519685039369" rotation="90" />
    <pcbpin number="4" name="D2" style="r60_26" originx="0" originy="-9.2519685039369" rotation="90" />
    <line layer="TOP_ASSEMBLY" originx="-31.496062992126" originy="15.748031496063" endx="31.496062992126" endy="15.748031496063" width="7.8740157480314" />
    <line layer="TOP_ASSEMBLY" originx="31.496062992126" originy="15.748031496063" endx="31.496062992126" endy="-15.748031496063" width="7.8740157480314" />
    <line layer="TOP_ASSEMBLY" originx="31.496062992126" originy="-15.748031496063" endx="-31.496062992126" endy="-15.748031496063" width="7.8740157480314" />
    <line layer="TOP_ASSEMBLY" originx="-31.496062992126" originy="-15.748031496063" endx="-31.496062992126" endy="15.748031496063" width="7.8740157480314" />
    <line layer="TOP_PLACE_BOUND" originx="-70.866141732283" originy="55.11811023622" endx="70.866141732283" endy="55.11811023622" width="3.9370078740157" />
    <line layer="TOP_PLACE_BOUND" originx="70.866141732283" originy="55.11811023622" endx="70.866141732283" endy="-55.11811023622" width="3.9370078740157" />
    <line layer="TOP_PLACE_BOUND" originx="70.866141732283" originy="-55.11811023622" endx="-70.866141732283" endy="-55.11811023622" width="3.9370078740157" />
    <line layer="TOP_PLACE_BOUND" originx="-70.866141732283" originy="-55.11811023622" endx="-70.866141732283" endy="55.11811023622" width="3.9370078740157" />
    <line layer="TOP_SILKSCREEN" originx="-51.181102362204" originy="3.9370078740157" endx="-51.181102362204" endy="3.9370078740157" width="7.8740157480314" />
    <arc layer="TOP_SILKSCREEN" originx="-51.181102362204" originy="0" startangle="90.0" sweepangle="180.0" radius="3.9370078740157" width="7.8740157480314" />
    <line layer="TOP_SILKSCREEN" originx="-51.181102362204" originy="-3.9370078740157" endx="-51.181102362204" endy="-3.9370078740157" width="7.8740157480314" />
    <arc layer="TOP_SILKSCREEN" originx="-51.181102362204" originy="0" startangle="-90.0" sweepangle="180.0" radius="3.9370078740157" width="7.8740157480314" />
  </footprint>
  <symbol name="ANT161575ST-1202A1" originx="0" originy="0">
    <line originx="200" originy="800" endx="2000" endy="800" width="0" />
    <line originx="2000" originy="-800" endx="2000" endy="800" width="0" />
    <line originx="2000" originy="-800" endx="200" endy="-800" width="0" />
    <line originx="200" originy="800" endx="200" endy="-800" width="0" />
    <sympin number="1" originx="200" originy="0" rotation="180" length="100" width="7.8740157480315" flipped="False">
      <text name="pinname" originx="230" originy="0" style="Default" rotation="0" justify="left" flipped="False" hidden="False" data="RADIATOR_ELECTRODE" />
      <text name="pindes" originx="140" originy="20" style="Default" rotation="0" justify="lowerright" flipped="False" hidden="False" data="1" />
    </sympin>
    <sympin number="4" originx="2000" originy="0" rotation="0" length="100" width="7.8740157480315" flipped="False">
      <text name="pinname" originx="1970" originy="0" style="Default" rotation="0" justify="right" flipped="False" hidden="False" data="FEED_POINT" />
      <text name="pindes" originx="2060" originy="20" style="Default" rotation="0" justify="lowerleft" flipped="False" hidden="False" data="4" />
    </sympin>
    <sympin number="3" originx="1100" originy="800" rotation="90" length="100" width="7.8740157480315" flipped="False">
      <text name="pinname" originx="1100" originy="770" style="Default" rotation="0" justify="right" flipped="False" hidden="False" data="DUMMY_PAD_1" />
      <text name="pindes" originx="1080" originy="860" style="Default" rotation="0" justify="lowerleft" flipped="False" hidden="False" data="D1" />
    </sympin>
    <sympin number="4" originx="1100" originy="-800" rotation="270" length="100" width="7.8740157480315" flipped="False">
      <text name="pinname" originx="1100" originy="-770" style="Default" rotation="0" justify="left" flipped="False" hidden="False" data="DUMMY_PAD_2" />
      <text name="pindes" originx="1080" originy="-860" style="Default" rotation="0" justify="lowerright" flipped="False" hidden="False" data="D2" />
    </sympin>
  </symbol>
  <component name="ANT161575ST-1202A1" designatorprefix="ANT" height="15.748031496063" footprint="ANT161575ST1202A1">
    <comppin designator="1" sympin="1" pinswap="0" gateswap="0" gate="1" group="1" side="" type="Any" name="RADIATOR_ELECTRODE" />
    <comppin designator="4" sympin="4" pinswap="0" gateswap="0" gate="1" group="1" side="" type="Any" name="FEED_POINT" />
    <comppin designator="D1" sympin="3" pinswap="0" gateswap="0" gate="1" group="1" side="" type="Any" name="DUMMY_PAD_1" />
    <comppin designator="D2" sympin="4" pinswap="0" gateswap="0" gate="1" group="1" side="" type="Any" name="DUMMY_PAD_2" />
    <attached_symbol gate="1" name="ANT161575ST-1202A1" />
    <pinmap designator="1" footprintpin="1" />
    <pinmap designator="4" footprintpin="2" />
    <pinmap designator="D1" footprintpin="3" />
    <pinmap designator="D2" footprintpin="4" />
    <text name="Datasheet" originx="0" originy="0" style="Default" rotation="0" justify="" flipped="False" hidden="True" data="https://product.tdk.com/system/files/dam/doc/product/rf/rf/antenna/catalog/rf_ant_ant161575st-1202a1_summary_en.pdf" />
    <text name="Description" originx="0" originy="0" style="Default" rotation="0" justify="" flipped="False" hidden="True" data="Antennas Chip Antenna GNSS PCB 1557MHz -1605MHz" />
    <text name="Mouser Part Number" originx="0" originy="0" style="Default" rotation="0" justify="" flipped="False" hidden="True" data="810-ANT161575ST1202A" />
    <text name="Mouser Price/Stock" originx="0" originy="0" style="Default" rotation="0" justify="" flipped="False" hidden="True" data="https://www.mouser.co.uk/ProductDetail/TDK/ANT161575ST-1202A1?qs=r5DSvlrkXmKMFjzu%252Brc%2FrA%3D%3D" />
    <text name="Manufacturer_Name" originx="0" originy="0" style="Default" rotation="0" justify="" flipped="False" hidden="True" data="TDK" />
    <text name="Manufacturer_Part_Number" originx="2050" originy="900" style="Default" rotation="0" justify="left" flipped="False" hidden="False" data="ANT161575ST-1202A1" />
  </component>
</quadcept_library>
