<?xml version="1.0" encoding="utf-8"?>
<!--/348243/1105701/2.50/10/4/Connector/-->
<quadcept_library>
  <setting unit="mil" />
  <textstyle name="Default" height="47.244094488189" strokewidth="7.8740157480315" charwidth="47.244094488189" />
  <textstyle name="Dimension" height="19.6850393700787" strokewidth="0" charwidth="19.6850393700787" />
  <textstyle name="H127W0635TH00762" height="50" strokewidth="3" charwidth="25" />
  <textstyle name="H15W15TH02" height="59.0551181102362" strokewidth="7.8740157480315" charwidth="59.0551181102362" />
  <padstyle name="r90_80" surface="True" plated="False" isvia="False" nopaste="False" nomask="True" complex="False" holesize="0">
    <padshape layer="TOP" shape="rectangle" width="31.496062992126" height="35.433070866141" />
    <padshape layer="TOP_SOLDER_MASK" shape="rectangle" width="39.370078740157" height="43.307086614173" />
    <padshape layer="TOP_SOLDER_PASTE" shape="rectangle" width="31.496062992126" height="35.433070866141" />
  </padstyle>
  <padstyle name="r120_95" surface="True" plated="False" isvia="False" nopaste="False" nomask="True" complex="False" holesize="0">
    <padshape layer="TOP" shape="rectangle" width="37.401574803149" height="47.244094488188" />
    <padshape layer="TOP_SOLDER_MASK" shape="rectangle" width="45.275590551181" height="55.11811023622" />
    <padshape layer="TOP_SOLDER_PASTE" shape="rectangle" width="37.401574803149" height="47.244094488188" />
  </padstyle>
  <padstyle name="r140_95" surface="True" plated="False" isvia="False" nopaste="False" nomask="True" complex="False" holesize="0">
    <padshape layer="TOP" shape="rectangle" width="37.401574803149" height="55.11811023622" />
    <padshape layer="TOP_SOLDER_MASK" shape="rectangle" width="45.275590551181" height="62.992125984251" />
    <padshape layer="TOP_SOLDER_PASTE" shape="rectangle" width="37.401574803149" height="55.11811023622" />
  </padstyle>
  <footprint name="788000001" originx="0" originy="0" pickpointx="0" pickpointy="0">
    <pcbpin number="1" name="C1" style="r90_80" originx="-259.25196850393" originy="-101.1811023622" rotation="0" />
    <pcbpin number="2" name="C2" style="r90_80" originx="-259.25196850393" originy="-52.362204724409" rotation="0" />
    <pcbpin number="3" name="C3" style="r90_80" originx="-259.25196850393" originy="47.63779527559" rotation="0" />
    <pcbpin number="4" name="C5" style="r90_80" originx="328.93700787401" originy="-101.1811023622" rotation="0" />
    <pcbpin number="5" name="C6" style="r90_80" originx="328.93700787401" originy="-52.362204724409" rotation="0" />
    <pcbpin number="6" name="C7" style="r90_80" originx="328.93700787401" originy="47.63779527559" rotation="0" />
    <pcbpin number="7" name="MP1" style="r120_95" originx="-268.30708661417" originy="213.58267716535" rotation="0" />
    <pcbpin number="8" name="MP2" style="r140_95" originx="255.70866141732" originy="246.45669291338" rotation="90" />
    <pcbpin number="9" name="MP3" style="r140_95" originx="255.70866141732" originy="-246.45669291338" rotation="90" />
    <pcbpin number="10" name="MP4" style="r120_95" originx="-268.30708661417" originy="-213.58267716535" rotation="0" />
    <line layer="TOP_ASSEMBLY" originx="-328.93700787401" originy="272.63779527559" endx="327.55905511811" endy="272.63779527559" width="7.8740157480314" />
    <line layer="TOP_ASSEMBLY" originx="327.55905511811" originy="272.63779527559" endx="327.55905511811" endy="-272.63779527559" width="7.8740157480314" />
    <line layer="TOP_ASSEMBLY" originx="327.55905511811" originy="-272.63779527559" endx="-328.93700787401" endy="-272.63779527559" width="7.8740157480314" />
    <line layer="TOP_ASSEMBLY" originx="-328.93700787401" originy="-272.63779527559" endx="-328.93700787401" endy="272.63779527559" width="7.8740157480314" />
    <line layer="TOP_PLACE_BOUND" originx="-368.30708661417" originy="312.00787401574" endx="384.05511811023" endy="312.00787401574" width="3.9370078740157" />
    <line layer="TOP_PLACE_BOUND" originx="384.05511811023" originy="312.00787401574" endx="384.05511811023" endy="-312.00787401574" width="3.9370078740157" />
    <line layer="TOP_PLACE_BOUND" originx="384.05511811023" originy="-312.00787401574" endx="-368.30708661417" endy="-312.00787401574" width="3.9370078740157" />
    <line layer="TOP_PLACE_BOUND" originx="-368.30708661417" originy="-312.00787401574" endx="-368.30708661417" endy="312.00787401574" width="3.9370078740157" />
    <line layer="TOP_SILKSCREEN" originx="327.55905511811" originy="-157.48031496063" endx="327.55905511811" endy="-272.63779527559" width="3.9370078740157" />
    <line layer="TOP_SILKSCREEN" originx="327.55905511811" originy="-272.63779527559" endx="-328.93700787401" endy="-272.63779527559" width="3.9370078740157" />
    <line layer="TOP_SILKSCREEN" originx="-328.93700787401" originy="-272.63779527559" endx="-328.93700787401" endy="272.63779527559" width="3.9370078740157" />
    <line layer="TOP_SILKSCREEN" originx="-328.93700787401" originy="272.63779527559" endx="327.55905511811" endy="272.63779527559" width="3.9370078740157" />
    <line layer="TOP_SILKSCREEN" originx="327.55905511811" originy="272.63779527559" endx="327.55905511811" endy="78.740157480314" width="3.9370078740157" />
    <line layer="TOP_SILKSCREEN" originx="-354.33070866141" originy="-98.425196850392" endx="-354.33070866141" endy="-98.425196850392" width="7.8740157480314" />
    <arc layer="TOP_SILKSCREEN" originx="-354.33070866141" originy="-102.36220472441" startangle="90.0" sweepangle="180.0" radius="3.9370078740157" width="7.8740157480314" />
    <line layer="TOP_SILKSCREEN" originx="-354.33070866141" originy="-106.29921259842" endx="-354.33070866141" endy="-106.29921259842" width="7.8740157480314" />
    <arc layer="TOP_SILKSCREEN" originx="-354.33070866141" originy="-102.36220472441" startangle="-90.0" sweepangle="180.0" radius="3.9370078740157" width="7.8740157480314" />
  </footprint>
  <symbol name="78800-0001" originx="0" originy="0">
    <line originx="200" originy="100" endx="800" endy="100" width="0" />
    <line originx="800" originy="-500" endx="800" endy="100" width="0" />
    <line originx="800" originy="-500" endx="200" endy="-500" width="0" />
    <line originx="200" originy="100" endx="200" endy="-500" width="0" />
    <sympin number="1" originx="200" originy="0" rotation="180" length="100" width="7.8740157480315" flipped="False">
      <text name="pinname" originx="230" originy="0" style="Default" rotation="0" justify="left" flipped="False" hidden="False" data="C1" />
      <text name="pindes" originx="140" originy="20" style="Default" rotation="0" justify="lowerright" flipped="False" hidden="False" data="C1" />
    </sympin>
    <sympin number="2" originx="200" originy="-100" rotation="180" length="100" width="7.8740157480315" flipped="False">
      <text name="pinname" originx="230" originy="-100" style="Default" rotation="0" justify="left" flipped="False" hidden="False" data="C2" />
      <text name="pindes" originx="140" originy="-80" style="Default" rotation="0" justify="lowerright" flipped="False" hidden="False" data="C2" />
    </sympin>
    <sympin number="3" originx="200" originy="-200" rotation="180" length="100" width="7.8740157480315" flipped="False">
      <text name="pinname" originx="230" originy="-200" style="Default" rotation="0" justify="left" flipped="False" hidden="False" data="C3" />
      <text name="pindes" originx="140" originy="-180" style="Default" rotation="0" justify="lowerright" flipped="False" hidden="False" data="C3" />
    </sympin>
    <sympin number="4" originx="200" originy="-300" rotation="180" length="100" width="7.8740157480315" flipped="False">
      <text name="pinname" originx="230" originy="-300" style="Default" rotation="0" justify="left" flipped="False" hidden="False" data="C5" />
      <text name="pindes" originx="140" originy="-280" style="Default" rotation="0" justify="lowerright" flipped="False" hidden="False" data="C5" />
    </sympin>
    <sympin number="5" originx="200" originy="-400" rotation="180" length="100" width="7.8740157480315" flipped="False">
      <text name="pinname" originx="230" originy="-400" style="Default" rotation="0" justify="left" flipped="False" hidden="False" data="C6" />
      <text name="pindes" originx="140" originy="-380" style="Default" rotation="0" justify="lowerright" flipped="False" hidden="False" data="C6" />
    </sympin>
    <sympin number="6" originx="800" originy="0" rotation="0" length="100" width="7.8740157480315" flipped="False">
      <text name="pinname" originx="770" originy="0" style="Default" rotation="0" justify="right" flipped="False" hidden="False" data="C7" />
      <text name="pindes" originx="860" originy="20" style="Default" rotation="0" justify="lowerleft" flipped="False" hidden="False" data="C7" />
    </sympin>
    <sympin number="7" originx="800" originy="-100" rotation="0" length="100" width="7.8740157480315" flipped="False">
      <text name="pinname" originx="770" originy="-100" style="Default" rotation="0" justify="right" flipped="False" hidden="False" data="MP1" />
      <text name="pindes" originx="860" originy="-80" style="Default" rotation="0" justify="lowerleft" flipped="False" hidden="False" data="MP1" />
    </sympin>
    <sympin number="8" originx="800" originy="-200" rotation="0" length="100" width="7.8740157480315" flipped="False">
      <text name="pinname" originx="770" originy="-200" style="Default" rotation="0" justify="right" flipped="False" hidden="False" data="MP2" />
      <text name="pindes" originx="860" originy="-180" style="Default" rotation="0" justify="lowerleft" flipped="False" hidden="False" data="MP2" />
    </sympin>
    <sympin number="9" originx="800" originy="-300" rotation="0" length="100" width="7.8740157480315" flipped="False">
      <text name="pinname" originx="770" originy="-300" style="Default" rotation="0" justify="right" flipped="False" hidden="False" data="MP3" />
      <text name="pindes" originx="860" originy="-280" style="Default" rotation="0" justify="lowerleft" flipped="False" hidden="False" data="MP3" />
    </sympin>
    <sympin number="10" originx="800" originy="-400" rotation="0" length="100" width="7.8740157480315" flipped="False">
      <text name="pinname" originx="770" originy="-400" style="Default" rotation="0" justify="right" flipped="False" hidden="False" data="MP4" />
      <text name="pindes" originx="860" originy="-380" style="Default" rotation="0" justify="lowerleft" flipped="False" hidden="False" data="MP4" />
    </sympin>
  </symbol>
  <component name="78800-0001" designatorprefix="J" height="39.370078740157" footprint="788000001">
    <comppin designator="C1" sympin="1" pinswap="0" gateswap="0" gate="1" group="1" side="" type="Any" name="C1" />
    <comppin designator="C2" sympin="2" pinswap="0" gateswap="0" gate="1" group="1" side="" type="Any" name="C2" />
    <comppin designator="C3" sympin="3" pinswap="0" gateswap="0" gate="1" group="1" side="" type="Any" name="C3" />
    <comppin designator="C5" sympin="4" pinswap="0" gateswap="0" gate="1" group="1" side="" type="Any" name="C5" />
    <comppin designator="C6" sympin="5" pinswap="0" gateswap="0" gate="1" group="1" side="" type="Any" name="C6" />
    <comppin designator="C7" sympin="6" pinswap="0" gateswap="0" gate="1" group="1" side="" type="Any" name="C7" />
    <comppin designator="MP1" sympin="7" pinswap="0" gateswap="0" gate="1" group="1" side="" type="Any" name="MP1" />
    <comppin designator="MP2" sympin="8" pinswap="0" gateswap="0" gate="1" group="1" side="" type="Any" name="MP2" />
    <comppin designator="MP3" sympin="9" pinswap="0" gateswap="0" gate="1" group="1" side="" type="Any" name="MP3" />
    <comppin designator="MP4" sympin="10" pinswap="0" gateswap="0" gate="1" group="1" side="" type="Any" name="MP4" />
    <attached_symbol gate="1" name="78800-0001" />
    <pinmap designator="C1" footprintpin="1" />
    <pinmap designator="C2" footprintpin="2" />
    <pinmap designator="C3" footprintpin="3" />
    <pinmap designator="C5" footprintpin="4" />
    <pinmap designator="C6" footprintpin="5" />
    <pinmap designator="C7" footprintpin="6" />
    <pinmap designator="MP1" footprintpin="7" />
    <pinmap designator="MP2" footprintpin="8" />
    <pinmap designator="MP3" footprintpin="9" />
    <pinmap designator="MP4" footprintpin="10" />
    <text name="Datasheet" originx="0" originy="0" style="Default" rotation="0" justify="" flipped="False" hidden="True" data="https://www.molex.com/pdm_docs/sd/788000001_sd.pdf" />
    <text name="Description" originx="0" originy="0" style="Default" rotation="0" justify="" flipped="False" hidden="True" data="Molex 78800 Series Vertical Hinged Micro SIM Card Connector with SMT Termination" />
    <text name="Mouser Part Number" originx="0" originy="0" style="Default" rotation="0" justify="" flipped="False" hidden="True" data="538-78800-0001" />
    <text name="Mouser Price/Stock" originx="0" originy="0" style="Default" rotation="0" justify="" flipped="False" hidden="True" data="https://www.mouser.co.uk/ProductDetail/Molex/78800-0001?qs=aW78vNDzAorsg%2FJdp7zzAQ%3D%3D" />
    <text name="Manufacturer_Name" originx="0" originy="0" style="Default" rotation="0" justify="" flipped="False" hidden="True" data="Molex" />
    <text name="Manufacturer_Part_Number" originx="850" originy="200" style="Default" rotation="0" justify="left" flipped="False" hidden="False" data="78800-0001" />
  </component>
</quadcept_library>
