<?xml version="1.0" encoding="utf-8"?>
<!--/973150/1105701/2.50/3/4/Transistor BJT NPN/-->
<quadcept_library>
  <setting unit="mil" />
  <textstyle name="Default" height="47.244094488189" strokewidth="7.8740157480315" charwidth="47.244094488189" />
  <textstyle name="Dimension" height="19.6850393700787" strokewidth="0" charwidth="19.6850393700787" />
  <textstyle name="H127W0635TH00762" height="50" strokewidth="3" charwidth="25" />
  <textstyle name="H15W15TH02" height="59.0551181102362" strokewidth="7.8740157480315" charwidth="59.0551181102362" />
  <padstyle name="c150_h100" surface="False" plated="True" isvia="False" nopaste="True" nomask="True" complex="False" holesize="39.370078740157">
    <padshape layer="TOP" shape="round" width="59.055118110235" height="59.055118110235" />
    <padshape layer="TOP_SOLDER_MASK" shape="round" width="66.929133858267" height="66.929133858267" />
    <padshape layer="INNER" shape="round" width="59.055118110235" height="59.055118110235" />
    <padshape layer="BOTTOM" shape="round" width="59.055118110235" height="59.055118110235" />
    <padshape layer="BOTTOM_SOLDER_MASK" shape="round" width="66.929133858267" height="66.929133858267" />
  </padstyle>
  <footprint name="LM431ACZ" originx="0" originy="0" pickpointx="0" pickpointy="0">
    <pcbpin number="1" name="1" style="c150_h100" originx="0" originy="0" rotation="90" />
    <pcbpin number="2" name="2" style="c150_h100" originx="49.999999999999" originy="51.181102362204" rotation="90" />
    <pcbpin number="3" name="3" style="c150_h100" originx="99.999999999999" originy="0" rotation="90" />
    <line layer="TOP_PLACE_BOUND" originx="-77.71653543307" originy="145.03937007874" endx="177.71653543307" endy="145.03937007874" width="3.9370078740157" />
    <line layer="TOP_PLACE_BOUND" originx="177.71653543307" originy="145.03937007874" endx="177.71653543307" endy="-78.740157480314" width="3.9370078740157" />
    <line layer="TOP_PLACE_BOUND" originx="177.71653543307" originy="-78.740157480314" endx="-77.71653543307" endy="-78.740157480314" width="3.9370078740157" />
    <line layer="TOP_PLACE_BOUND" originx="-77.71653543307" originy="-78.740157480314" endx="-77.71653543307" endy="145.03937007874" width="3.9370078740157" />
    <line layer="TOP_ASSEMBLY" originx="-28.740157480315" originy="-39.370078740157" endx="128.74015748031" endy="-39.370078740157" width="3.9370078740157" />
    <line layer="TOP_ASSEMBLY" originx="128.74015748031" originy="-39.370078740157" endx="136.61417322834" endy="0" width="3.9370078740157" />
    <line layer="TOP_ASSEMBLY" originx="136.61417322834" originy="0" endx="136.61417322834" endy="0" width="3.9370078740157" />
    <arc layer="TOP_ASSEMBLY" originx="49.999999999999" originy="17.322834645669" startangle="-11.3" sweepangle="202.6" radius="88.346456692912" width="3.9370078740157" />
    <line layer="TOP_ASSEMBLY" originx="-36.614173228346" originy="0" endx="-28.740157480315" endy="-39.370078740157" width="3.9370078740157" />
    <line layer="TOP_SILKSCREEN" originx="128.74015748031" originy="-39.370078740157" endx="-28.740157480315" endy="-39.370078740157" width="7.8740157480314" />
    <line layer="TOP_SILKSCREEN" originx="-28.740157480315" originy="-39.370078740157" endx="-36.614173228346" endy="0" width="7.8740157480314" />
    <line layer="TOP_SILKSCREEN" originx="-36.614173228346" originy="0" endx="-36.614173228346" endy="0" width="7.8740157480314" />
    <arc layer="TOP_SILKSCREEN" originx="49.999999999999" originy="17.322834645669" startangle="-168.7" sweepangle="-202.6" radius="88.346456692912" width="7.8740157480314" />
    <line layer="TOP_SILKSCREEN" originx="136.61417322834" originy="0" endx="128.74015748031" endy="-39.370078740157" width="7.8740157480314" />
  </footprint>
  <symbol name="BC547BBU" originx="0" originy="0">
    <line originx="300" originy="100" endx="300" endy="-100" width="0" />
    <line originx="300" originy="50" endx="400" endy="150" width="0" />
    <line originx="300" originy="-50" endx="400" endy="-150" width="0" />
    <line originx="400" originy="-150" endx="400" endy="-200" width="0" />
    <line originx="400" originy="150" endx="400" endy="200" width="0" />
    <line originx="100" originy="0" endx="300" endy="0" width="0" />
    <arc originx="350" originy="0" startangle="180" sweepangle="180" radius="158.114" width="0" />
    <arc originx="350" originy="0" startangle="180" sweepangle="-180" radius="158.114" width="0" />
    <sympin number="2" originx="100" originy="0" rotation="180" length="100" width="7.8740157480315" flipped="False">
      <text name="pinname" originx="0" originy="-20" style="Default" rotation="0" justify="upperleft" flipped="False" hidden="True" data="B" />
      <text name="pindes" originx="0" originy="20" style="Default" rotation="0" justify="lowerleft" flipped="False" hidden="False" data="2" />
    </sympin>
    <sympin number="3" originx="400" originy="-200" rotation="270" length="100" width="7.8740157480315" flipped="False">
      <text name="pinname" originx="420" originy="-300" style="Default" rotation="90" justify="lowerleft" flipped="False" hidden="True" data="E" />
      <text name="pindes" originx="380" originy="-300" style="Default" rotation="90" justify="lowerright" flipped="False" hidden="False" data="3" />
    </sympin>
    <sympin number="1" originx="400" originy="200" rotation="90" length="100" width="7.8740157480315" flipped="False">
      <text name="pinname" originx="420" originy="300" style="Default" rotation="90" justify="upperleft" flipped="False" hidden="True" data="C" />
      <text name="pindes" originx="380" originy="300" style="Default" rotation="90" justify="upperright" flipped="False" hidden="False" data="1" />
    </sympin>
    <polygon type="polygon">
      <point x="330" y="-100" />
      <point x="350" y="-80" />
      <point x="370" y="-120" />
    </polygon>
  </symbol>
  <component name="BC547BBU" designatorprefix="Q" height="209.84251968504" footprint="LM431ACZ">
    <comppin designator="1" sympin="1" pinswap="0" gateswap="0" gate="1" group="1" side="" type="Any" name="C" />
    <comppin designator="2" sympin="2" pinswap="0" gateswap="0" gate="1" group="1" side="" type="Any" name="B" />
    <comppin designator="3" sympin="3" pinswap="0" gateswap="0" gate="1" group="1" side="" type="Any" name="E" />
    <attached_symbol gate="1" name="BC547BBU" />
    <pinmap designator="1" footprintpin="1" />
    <pinmap designator="2" footprintpin="2" />
    <pinmap designator="3" footprintpin="3" />
    <text name="Datasheet" originx="0" originy="0" style="Default" rotation="0" justify="" flipped="False" hidden="True" data="http://www.onsemi.com/pub/Collateral/BC550-D.pdf" />
    <text name="Description" originx="0" originy="0" style="Default" rotation="0" justify="" flipped="False" hidden="True" data="ON Semi BC547BBU NPN Transistor, 100 mA, 45 V, 3-Pin TO-92" />
    <text name="Mouser Part Number" originx="0" originy="0" style="Default" rotation="0" justify="" flipped="False" hidden="True" data="512-BC547BBU" />
    <text name="Mouser Price/Stock" originx="0" originy="0" style="Default" rotation="0" justify="" flipped="False" hidden="True" data="https://www.mouser.co.uk/ProductDetail/onsemi-Fairchild/BC547BBU?qs=5AtiFsybhAy95gcR20xJtg%3D%3D" />
    <text name="Manufacturer_Name" originx="0" originy="0" style="Default" rotation="0" justify="" flipped="False" hidden="True" data="onsemi" />
    <text name="Manufacturer_Part_Number" originx="550" originy="-50" style="Default" rotation="0" justify="left" flipped="False" hidden="False" data="BC547BBU" />
  </component>
</quadcept_library>
