<?xml version="1.0" encoding="utf-8"?>
<!--/365101/1105701/2.50/54/4/Connector/-->
<quadcept_library>
  <setting unit="mil" />
  <textstyle name="Default" height="47.244094488189" strokewidth="7.8740157480315" charwidth="47.244094488189" />
  <textstyle name="Dimension" height="19.6850393700787" strokewidth="0" charwidth="19.6850393700787" />
  <textstyle name="H127W0635TH00762" height="50" strokewidth="3" charwidth="25" />
  <textstyle name="H15W15TH02" height="59.0551181102362" strokewidth="7.8740157480315" charwidth="59.0551181102362" />
  <padstyle name="r200_60" surface="True" plated="False" isvia="False" nopaste="False" nomask="True" complex="False" holesize="0">
    <padshape layer="TOP" shape="rectangle" width="23.622047244094" height="78.740157480314" />
    <padshape layer="TOP_SOLDER_MASK" shape="rectangle" width="31.496062992126" height="86.614173228345" />
    <padshape layer="TOP_SOLDER_PASTE" shape="rectangle" width="23.622047244094" height="78.740157480314" />
  </padstyle>
  <padstyle name="c80_h160" surface="False" plated="True" isvia="False" nopaste="True" nomask="True" complex="False" holesize="62.992125984251">
    <padshape layer="TOP" shape="round" width="31.496062992126" height="31.496062992126" />
    <padshape layer="TOP_SOLDER_MASK" shape="round" width="39.370078740157" height="39.370078740157" />
    <padshape layer="INNER" shape="round" width="31.496062992126" height="31.496062992126" />
    <padshape layer="BOTTOM" shape="round" width="31.496062992126" height="31.496062992126" />
    <padshape layer="BOTTOM_SOLDER_MASK" shape="round" width="39.370078740157" height="39.370078740157" />
  </padstyle>
  <padstyle name="c55_h110" surface="False" plated="True" isvia="False" nopaste="True" nomask="True" complex="False" holesize="43.307086614173">
    <padshape layer="TOP" shape="round" width="21.653543307086" height="21.653543307086" />
    <padshape layer="TOP_SOLDER_MASK" shape="round" width="29.527559055118" height="29.527559055118" />
    <padshape layer="INNER" shape="round" width="21.653543307086" height="21.653543307086" />
    <padshape layer="BOTTOM" shape="round" width="21.653543307086" height="21.653543307086" />
    <padshape layer="BOTTOM_SOLDER_MASK" shape="round" width="29.527559055118" height="29.527559055118" />
  </padstyle>
  <padstyle name="r320_230" surface="True" plated="False" isvia="False" nopaste="False" nomask="True" complex="False" holesize="0">
    <padshape layer="TOP" shape="rectangle" width="90.551181102361" height="125.9842519685" />
    <padshape layer="TOP_SOLDER_MASK" shape="rectangle" width="98.425196850392" height="133.85826771653" />
    <padshape layer="TOP_SOLDER_PASTE" shape="rectangle" width="90.551181102361" height="125.9842519685" />
  </padstyle>
  <footprint name="17758612" originx="0" originy="0" pickpointx="0" pickpointy="0">
    <pcbpin number="1" name="1" style="r200_60" originx="27.55905511811" originy="-161.41732283464" rotation="0" />
    <pcbpin number="2" name="2" style="r200_60" originx="43.307086614173" originy="161.41732283464" rotation="0" />
    <pcbpin number="3" name="3" style="r200_60" originx="59.055118110235" originy="-161.41732283464" rotation="0" />
    <pcbpin number="4" name="4" style="r200_60" originx="74.803149606298" originy="161.41732283464" rotation="0" />
    <pcbpin number="5" name="5" style="r200_60" originx="90.551181102361" originy="-161.41732283464" rotation="0" />
    <pcbpin number="6" name="6" style="r200_60" originx="106.29921259842" originy="161.41732283464" rotation="0" />
    <pcbpin number="7" name="7" style="r200_60" originx="122.04724409449" originy="-161.41732283464" rotation="0" />
    <pcbpin number="8" name="8" style="r200_60" originx="137.79527559055" originy="161.41732283464" rotation="0" />
    <pcbpin number="9" name="9" style="r200_60" originx="153.54330708661" originy="-161.41732283464" rotation="0" />
    <pcbpin number="10" name="10" style="r200_60" originx="169.29133858268" originy="161.41732283464" rotation="0" />
    <pcbpin number="11" name="11" style="r200_60" originx="185.03937007874" originy="-161.41732283464" rotation="0" />
    <pcbpin number="12" name="12" style="r200_60" originx="200.7874015748" originy="161.41732283464" rotation="0" />
    <pcbpin number="13" name="13" style="r200_60" originx="216.53543307086" originy="-161.41732283464" rotation="0" />
    <pcbpin number="14" name="14" style="r200_60" originx="232.28346456693" originy="161.41732283464" rotation="0" />
    <pcbpin number="15" name="15" style="r200_60" originx="248.03149606299" originy="-161.41732283464" rotation="0" />
    <pcbpin number="16" name="16" style="r200_60" originx="263.77952755905" originy="161.41732283464" rotation="0" />
    <pcbpin number="17" name="17" style="r200_60" originx="405.51181102362" originy="-161.41732283464" rotation="0" />
    <pcbpin number="18" name="18" style="r200_60" originx="421.25984251968" originy="161.41732283464" rotation="0" />
    <pcbpin number="19" name="19" style="r200_60" originx="437.00787401574" originy="-161.41732283464" rotation="0" />
    <pcbpin number="20" name="20" style="r200_60" originx="452.75590551181" originy="161.41732283464" rotation="0" />
    <pcbpin number="21" name="21" style="r200_60" originx="468.50393700787" originy="-161.41732283464" rotation="0" />
    <pcbpin number="22" name="22" style="r200_60" originx="484.25196850393" originy="161.41732283464" rotation="0" />
    <pcbpin number="23" name="23" style="r200_60" originx="499.99999999999" originy="-161.41732283464" rotation="0" />
    <pcbpin number="24" name="24" style="r200_60" originx="515.74803149606" originy="161.41732283464" rotation="0" />
    <pcbpin number="25" name="25" style="r200_60" originx="531.49606299212" originy="-161.41732283464" rotation="0" />
    <pcbpin number="26" name="26" style="r200_60" originx="547.24409448818" originy="161.41732283464" rotation="0" />
    <pcbpin number="27" name="27" style="r200_60" originx="562.99212598425" originy="-161.41732283464" rotation="0" />
    <pcbpin number="28" name="28" style="r200_60" originx="578.74015748031" originy="161.41732283464" rotation="0" />
    <pcbpin number="29" name="29" style="r200_60" originx="594.48818897637" originy="-161.41732283464" rotation="0" />
    <pcbpin number="30" name="30" style="r200_60" originx="610.23622047243" originy="161.41732283464" rotation="0" />
    <pcbpin number="31" name="31" style="r200_60" originx="625.9842519685" originy="-161.41732283464" rotation="0" />
    <pcbpin number="32" name="32" style="r200_60" originx="641.73228346456" originy="161.41732283464" rotation="0" />
    <pcbpin number="33" name="33" style="r200_60" originx="657.48031496062" originy="-161.41732283464" rotation="0" />
    <pcbpin number="34" name="34" style="r200_60" originx="673.22834645668" originy="161.41732283464" rotation="0" />
    <pcbpin number="35" name="35" style="r200_60" originx="688.97637795275" originy="-161.41732283464" rotation="0" />
    <pcbpin number="36" name="36" style="r200_60" originx="704.72440944881" originy="161.41732283464" rotation="0" />
    <pcbpin number="37" name="37" style="r200_60" originx="720.47244094487" originy="-161.41732283464" rotation="0" />
    <pcbpin number="38" name="38" style="r200_60" originx="736.22047244094" originy="161.41732283464" rotation="0" />
    <pcbpin number="39" name="39" style="r200_60" originx="751.968503937" originy="-161.41732283464" rotation="0" />
    <pcbpin number="40" name="40" style="r200_60" originx="767.71653543306" originy="161.41732283464" rotation="0" />
    <pcbpin number="41" name="41" style="r200_60" originx="783.46456692912" originy="-161.41732283464" rotation="0" />
    <pcbpin number="42" name="42" style="r200_60" originx="799.21259842519" originy="161.41732283464" rotation="0" />
    <pcbpin number="43" name="43" style="r200_60" originx="814.96062992125" originy="-161.41732283464" rotation="0" />
    <pcbpin number="44" name="44" style="r200_60" originx="830.70866141731" originy="161.41732283464" rotation="0" />
    <pcbpin number="45" name="45" style="r200_60" originx="846.45669291338" originy="-161.41732283464" rotation="0" />
    <pcbpin number="46" name="46" style="r200_60" originx="862.20472440944" originy="161.41732283464" rotation="0" />
    <pcbpin number="47" name="47" style="r200_60" originx="877.9527559055" originy="-161.41732283464" rotation="0" />
    <pcbpin number="48" name="48" style="r200_60" originx="893.70078740156" originy="161.41732283464" rotation="0" />
    <pcbpin number="49" name="49" style="r200_60" originx="909.44881889763" originy="-161.41732283464" rotation="0" />
    <pcbpin number="50" name="50" style="r200_60" originx="925.19685039369" originy="161.41732283464" rotation="0" />
    <pcbpin number="51" name="51" style="r200_60" originx="940.94488188975" originy="-161.41732283464" rotation="0" />
    <pcbpin number="52" name="52" style="r200_60" originx="956.69291338582" originy="161.41732283464" rotation="0" />
    <pcbpin number="53" name="MH1" style="c80_h160" originx="0" originy="0" rotation="90" />
    <pcbpin number="54" name="MH2" style="c55_h110" originx="984.25196850392" originy="0" rotation="90" />
    <pcbpin number="55" name="MP1" style="r320_230" originx="-84.645669291338" originy="-137.79527559055" rotation="0" />
    <pcbpin number="56" name="MP2" style="r320_230" originx="1068.8976377953" originy="-137.79527559055" rotation="0" />
    <line layer="TOP_ASSEMBLY" originx="-96.456692913385" originy="-161.41732283464" endx="1080.7086614173" endy="-161.41732283464" width="3.9370078740157" />
    <line layer="TOP_ASSEMBLY" originx="1080.7086614173" originy="-161.41732283464" endx="1080.7086614173" endy="161.41732283464" width="3.9370078740157" />
    <line layer="TOP_ASSEMBLY" originx="1080.7086614173" originy="161.41732283464" endx="-96.456692913385" endy="161.41732283464" width="3.9370078740157" />
    <line layer="TOP_ASSEMBLY" originx="-96.456692913385" originy="161.41732283464" endx="-96.456692913385" endy="-161.41732283464" width="3.9370078740157" />
    <line layer="TOP_PLACE_BOUND" originx="-169.29133858268" originy="240.15748031496" endx="1153.5433070866" endy="240.15748031496" width="3.9370078740157" />
    <line layer="TOP_PLACE_BOUND" originx="1153.5433070866" originy="240.15748031496" endx="1153.5433070866" endy="-240.15748031496" width="3.9370078740157" />
    <line layer="TOP_PLACE_BOUND" originx="1153.5433070866" originy="-240.15748031496" endx="-169.29133858268" endy="-240.15748031496" width="3.9370078740157" />
    <line layer="TOP_PLACE_BOUND" originx="-169.29133858268" originy="-240.15748031496" endx="-169.29133858268" endy="240.15748031496" width="3.9370078740157" />
    <line layer="TOP_SILKSCREEN" originx="-96.456692913385" originy="-62.992125984251" endx="-96.456692913385" endy="15.748031496063" width="7.8740157480314" />
    <line layer="TOP_SILKSCREEN" originx="-96.456692913385" originy="15.748031496063" endx="-96.456692913385" endy="161.41732283464" width="7.8740157480314" />
    <line layer="TOP_SILKSCREEN" originx="-96.456692913385" originy="161.41732283464" endx="19.685039370078" endy="161.41732283464" width="7.8740157480314" />
    <line layer="TOP_SILKSCREEN" originx="287.40157480315" originy="161.41732283464" endx="397.63779527559" endy="161.41732283464" width="7.8740157480314" />
    <line layer="TOP_SILKSCREEN" originx="980.31496062991" originy="161.41732283464" endx="1080.7086614173" endy="161.41732283464" width="7.8740157480314" />
    <line layer="TOP_SILKSCREEN" originx="1080.7086614173" originy="161.41732283464" endx="1080.7086614173" endy="-62.992125984251" width="7.8740157480314" />
    <line layer="TOP_SILKSCREEN" originx="964.56692913385" originy="-161.41732283464" endx="1011.811023622" endy="-161.41732283464" width="7.8740157480314" />
    <line layer="TOP_SILKSCREEN" originx="271.65354330708" originy="-161.41732283464" endx="381.88976377952" endy="-161.41732283464" width="7.8740157480314" />
    <line layer="TOP_SILKSCREEN" originx="-27.55905511811" originy="-161.41732283464" endx="3.9370078740157" endy="-161.41732283464" width="7.8740157480314" />
    <line layer="TOP_SILKSCREEN" originx="27.55905511811" originy="-216.53543307086" endx="27.55905511811" endy="-216.53543307086" width="7.8740157480314" />
    <arc layer="TOP_SILKSCREEN" originx="27.55905511811" originy="-218.50393700787" startangle="90.0" sweepangle="180.0" radius="1.9685039370078" width="7.8740157480314" />
    <line layer="TOP_SILKSCREEN" originx="27.55905511811" originy="-220.47244094488" endx="27.55905511811" endy="-220.47244094488" width="7.8740157480314" />
    <arc layer="TOP_SILKSCREEN" originx="27.55905511811" originy="-218.50393700787" startangle="-90.0" sweepangle="180.0" radius="1.9685039370078" width="7.8740157480314" />
    <line layer="TOP_SILKSCREEN" originx="27.55905511811" originy="-216.53543307086" endx="27.55905511811" endy="-216.53543307086" width="7.8740157480314" />
    <arc layer="TOP_SILKSCREEN" originx="27.55905511811" originy="-218.50393700787" startangle="90.0" sweepangle="180.0" radius="1.9685039370078" width="7.8740157480314" />
  </footprint>
  <symbol name="1775861-2" originx="0" originy="0">
    <line originx="200" originy="700" endx="2900" endy="700" width="0" />
    <line originx="2900" originy="-1100" endx="2900" endy="700" width="0" />
    <line originx="2900" originy="-1100" endx="200" endy="-1100" width="0" />
    <line originx="200" originy="700" endx="200" endy="-1100" width="0" />
    <sympin number="1" originx="300" originy="-1100" rotation="270" length="100" width="7.8740157480315" flipped="False">
      <text name="pinname" originx="300" originy="-1070" style="Default" rotation="0" justify="left" flipped="False" hidden="False" data="WAKE#" />
      <text name="pindes" originx="280" originy="-1160" style="Default" rotation="0" justify="lowerright" flipped="False" hidden="False" data="1" />
    </sympin>
    <sympin number="2" originx="300" originy="700" rotation="90" length="100" width="7.8740157480315" flipped="False">
      <text name="pinname" originx="300" originy="670" style="Default" rotation="0" justify="right" flipped="False" hidden="False" data="3.3VAUX_1" />
      <text name="pindes" originx="280" originy="760" style="Default" rotation="0" justify="lowerleft" flipped="False" hidden="False" data="2" />
    </sympin>
    <sympin number="3" originx="400" originy="-1100" rotation="270" length="100" width="7.8740157480315" flipped="False">
      <text name="pinname" originx="400" originy="-1070" style="Default" rotation="0" justify="left" flipped="False" hidden="False" data="COEX1" />
      <text name="pindes" originx="380" originy="-1160" style="Default" rotation="0" justify="lowerright" flipped="False" hidden="False" data="3" />
    </sympin>
    <sympin number="4" originx="400" originy="700" rotation="90" length="100" width="7.8740157480315" flipped="False">
      <text name="pinname" originx="400" originy="670" style="Default" rotation="0" justify="right" flipped="False" hidden="False" data="GND_1" />
      <text name="pindes" originx="380" originy="760" style="Default" rotation="0" justify="lowerleft" flipped="False" hidden="False" data="4" />
    </sympin>
    <sympin number="5" originx="500" originy="-1100" rotation="270" length="100" width="7.8740157480315" flipped="False">
      <text name="pinname" originx="500" originy="-1070" style="Default" rotation="0" justify="left" flipped="False" hidden="False" data="COEX2" />
      <text name="pindes" originx="480" originy="-1160" style="Default" rotation="0" justify="lowerright" flipped="False" hidden="False" data="5" />
    </sympin>
    <sympin number="6" originx="500" originy="700" rotation="90" length="100" width="7.8740157480315" flipped="False">
      <text name="pinname" originx="500" originy="670" style="Default" rotation="0" justify="right" flipped="False" hidden="False" data="1.5V" />
      <text name="pindes" originx="480" originy="760" style="Default" rotation="0" justify="lowerleft" flipped="False" hidden="False" data="6" />
    </sympin>
    <sympin number="7" originx="600" originy="-1100" rotation="270" length="100" width="7.8740157480315" flipped="False">
      <text name="pinname" originx="600" originy="-1070" style="Default" rotation="0" justify="left" flipped="False" hidden="False" data="CLKREQ#" />
      <text name="pindes" originx="580" originy="-1160" style="Default" rotation="0" justify="lowerright" flipped="False" hidden="False" data="7" />
    </sympin>
    <sympin number="8" originx="600" originy="700" rotation="90" length="100" width="7.8740157480315" flipped="False">
      <text name="pinname" originx="600" originy="670" style="Default" rotation="0" justify="right" flipped="False" hidden="False" data="UIM_PWR" />
      <text name="pindes" originx="580" originy="760" style="Default" rotation="0" justify="lowerleft" flipped="False" hidden="False" data="8" />
    </sympin>
    <sympin number="9" originx="700" originy="-1100" rotation="270" length="100" width="7.8740157480315" flipped="False">
      <text name="pinname" originx="700" originy="-1070" style="Default" rotation="0" justify="left" flipped="False" hidden="False" data="GND_2" />
      <text name="pindes" originx="680" originy="-1160" style="Default" rotation="0" justify="lowerright" flipped="False" hidden="False" data="9" />
    </sympin>
    <sympin number="10" originx="700" originy="700" rotation="90" length="100" width="7.8740157480315" flipped="False">
      <text name="pinname" originx="700" originy="670" style="Default" rotation="0" justify="right" flipped="False" hidden="False" data="UIM_DATA" />
      <text name="pindes" originx="680" originy="760" style="Default" rotation="0" justify="lowerleft" flipped="False" hidden="False" data="10" />
    </sympin>
    <sympin number="11" originx="800" originy="-1100" rotation="270" length="100" width="7.8740157480315" flipped="False">
      <text name="pinname" originx="800" originy="-1070" style="Default" rotation="0" justify="left" flipped="False" hidden="False" data="REFCLK-" />
      <text name="pindes" originx="780" originy="-1160" style="Default" rotation="0" justify="lowerright" flipped="False" hidden="False" data="11" />
    </sympin>
    <sympin number="12" originx="800" originy="700" rotation="90" length="100" width="7.8740157480315" flipped="False">
      <text name="pinname" originx="800" originy="670" style="Default" rotation="0" justify="right" flipped="False" hidden="False" data="UIM_CLK" />
      <text name="pindes" originx="780" originy="760" style="Default" rotation="0" justify="lowerleft" flipped="False" hidden="False" data="12" />
    </sympin>
    <sympin number="13" originx="900" originy="-1100" rotation="270" length="100" width="7.8740157480315" flipped="False">
      <text name="pinname" originx="900" originy="-1070" style="Default" rotation="0" justify="left" flipped="False" hidden="False" data="REFCLK+" />
      <text name="pindes" originx="880" originy="-1160" style="Default" rotation="0" justify="lowerright" flipped="False" hidden="False" data="13" />
    </sympin>
    <sympin number="14" originx="900" originy="700" rotation="90" length="100" width="7.8740157480315" flipped="False">
      <text name="pinname" originx="900" originy="670" style="Default" rotation="0" justify="right" flipped="False" hidden="False" data="UIM_RESET" />
      <text name="pindes" originx="880" originy="760" style="Default" rotation="0" justify="lowerleft" flipped="False" hidden="False" data="14" />
    </sympin>
    <sympin number="15" originx="1000" originy="-1100" rotation="270" length="100" width="7.8740157480315" flipped="False">
      <text name="pinname" originx="1000" originy="-1070" style="Default" rotation="0" justify="left" flipped="False" hidden="False" data="GND_3" />
      <text name="pindes" originx="980" originy="-1160" style="Default" rotation="0" justify="lowerright" flipped="False" hidden="False" data="15" />
    </sympin>
    <sympin number="16" originx="1000" originy="700" rotation="90" length="100" width="7.8740157480315" flipped="False">
      <text name="pinname" originx="1000" originy="670" style="Default" rotation="0" justify="right" flipped="False" hidden="False" data="UIM_VPP" />
      <text name="pindes" originx="980" originy="760" style="Default" rotation="0" justify="lowerleft" flipped="False" hidden="False" data="16" />
    </sympin>
    <sympin number="17" originx="1100" originy="-1100" rotation="270" length="100" width="7.8740157480315" flipped="False">
      <text name="pinname" originx="1100" originy="-1070" style="Default" rotation="0" justify="left" flipped="False" hidden="False" data="RESERVED\(UIM_C8)" />
      <text name="pindes" originx="1080" originy="-1160" style="Default" rotation="0" justify="lowerright" flipped="False" hidden="False" data="17" />
    </sympin>
    <sympin number="18" originx="1100" originy="700" rotation="90" length="100" width="7.8740157480315" flipped="False">
      <text name="pinname" originx="1100" originy="670" style="Default" rotation="0" justify="right" flipped="False" hidden="False" data="GND_4" />
      <text name="pindes" originx="1080" originy="760" style="Default" rotation="0" justify="lowerleft" flipped="False" hidden="False" data="18" />
    </sympin>
    <sympin number="19" originx="1200" originy="-1100" rotation="270" length="100" width="7.8740157480315" flipped="False">
      <text name="pinname" originx="1200" originy="-1070" style="Default" rotation="0" justify="left" flipped="False" hidden="False" data="RESERVED\(UIM_C4)" />
      <text name="pindes" originx="1180" originy="-1160" style="Default" rotation="0" justify="lowerright" flipped="False" hidden="False" data="19" />
    </sympin>
    <sympin number="20" originx="1200" originy="700" rotation="90" length="100" width="7.8740157480315" flipped="False">
      <text name="pinname" originx="1200" originy="670" style="Default" rotation="0" justify="right" flipped="False" hidden="False" data="W_DISABLE#" />
      <text name="pindes" originx="1180" originy="760" style="Default" rotation="0" justify="lowerleft" flipped="False" hidden="False" data="20" />
    </sympin>
    <sympin number="21" originx="1300" originy="-1100" rotation="270" length="100" width="7.8740157480315" flipped="False">
      <text name="pinname" originx="1300" originy="-1070" style="Default" rotation="0" justify="left" flipped="False" hidden="False" data="GND_5" />
      <text name="pindes" originx="1280" originy="-1160" style="Default" rotation="0" justify="lowerright" flipped="False" hidden="False" data="21" />
    </sympin>
    <sympin number="22" originx="1300" originy="700" rotation="90" length="100" width="7.8740157480315" flipped="False">
      <text name="pinname" originx="1300" originy="670" style="Default" rotation="0" justify="right" flipped="False" hidden="False" data="PERST#" />
      <text name="pindes" originx="1280" originy="760" style="Default" rotation="0" justify="lowerleft" flipped="False" hidden="False" data="22" />
    </sympin>
    <sympin number="23" originx="1400" originy="-1100" rotation="270" length="100" width="7.8740157480315" flipped="False">
      <text name="pinname" originx="1400" originy="-1070" style="Default" rotation="0" justify="left" flipped="False" hidden="False" data="PERN0" />
      <text name="pindes" originx="1380" originy="-1160" style="Default" rotation="0" justify="lowerright" flipped="False" hidden="False" data="23" />
    </sympin>
    <sympin number="24" originx="1400" originy="700" rotation="90" length="100" width="7.8740157480315" flipped="False">
      <text name="pinname" originx="1400" originy="670" style="Default" rotation="0" justify="right" flipped="False" hidden="False" data="+3.3VAUX_1" />
      <text name="pindes" originx="1380" originy="760" style="Default" rotation="0" justify="lowerleft" flipped="False" hidden="False" data="24" />
    </sympin>
    <sympin number="25" originx="1500" originy="-1100" rotation="270" length="100" width="7.8740157480315" flipped="False">
      <text name="pinname" originx="1500" originy="-1070" style="Default" rotation="0" justify="left" flipped="False" hidden="False" data="PERP0" />
      <text name="pindes" originx="1480" originy="-1160" style="Default" rotation="0" justify="lowerright" flipped="False" hidden="False" data="25" />
    </sympin>
    <sympin number="26" originx="1500" originy="700" rotation="90" length="100" width="7.8740157480315" flipped="False">
      <text name="pinname" originx="1500" originy="670" style="Default" rotation="0" justify="right" flipped="False" hidden="False" data="GND_6" />
      <text name="pindes" originx="1480" originy="760" style="Default" rotation="0" justify="lowerleft" flipped="False" hidden="False" data="26" />
    </sympin>
    <sympin number="27" originx="1600" originy="-1100" rotation="270" length="100" width="7.8740157480315" flipped="False">
      <text name="pinname" originx="1600" originy="-1070" style="Default" rotation="0" justify="left" flipped="False" hidden="False" data="GND_7" />
      <text name="pindes" originx="1580" originy="-1160" style="Default" rotation="0" justify="lowerright" flipped="False" hidden="False" data="27" />
    </sympin>
    <sympin number="28" originx="1600" originy="700" rotation="90" length="100" width="7.8740157480315" flipped="False">
      <text name="pinname" originx="1600" originy="670" style="Default" rotation="0" justify="right" flipped="False" hidden="False" data="+1.5V_1" />
      <text name="pindes" originx="1580" originy="760" style="Default" rotation="0" justify="lowerleft" flipped="False" hidden="False" data="28" />
    </sympin>
    <sympin number="29" originx="1700" originy="-1100" rotation="270" length="100" width="7.8740157480315" flipped="False">
      <text name="pinname" originx="1700" originy="-1070" style="Default" rotation="0" justify="left" flipped="False" hidden="False" data="GND_8" />
      <text name="pindes" originx="1680" originy="-1160" style="Default" rotation="0" justify="lowerright" flipped="False" hidden="False" data="29" />
    </sympin>
    <sympin number="30" originx="1700" originy="700" rotation="90" length="100" width="7.8740157480315" flipped="False">
      <text name="pinname" originx="1700" originy="670" style="Default" rotation="0" justify="right" flipped="False" hidden="False" data="SMB_CLK" />
      <text name="pindes" originx="1680" originy="760" style="Default" rotation="0" justify="lowerleft" flipped="False" hidden="False" data="30" />
    </sympin>
    <sympin number="31" originx="1800" originy="-1100" rotation="270" length="100" width="7.8740157480315" flipped="False">
      <text name="pinname" originx="1800" originy="-1070" style="Default" rotation="0" justify="left" flipped="False" hidden="False" data="PETN0" />
      <text name="pindes" originx="1780" originy="-1160" style="Default" rotation="0" justify="lowerright" flipped="False" hidden="False" data="31" />
    </sympin>
    <sympin number="32" originx="1800" originy="700" rotation="90" length="100" width="7.8740157480315" flipped="False">
      <text name="pinname" originx="1800" originy="670" style="Default" rotation="0" justify="right" flipped="False" hidden="False" data="SMB_DATA" />
      <text name="pindes" originx="1780" originy="760" style="Default" rotation="0" justify="lowerleft" flipped="False" hidden="False" data="32" />
    </sympin>
    <sympin number="33" originx="1900" originy="-1100" rotation="270" length="100" width="7.8740157480315" flipped="False">
      <text name="pinname" originx="1900" originy="-1070" style="Default" rotation="0" justify="left" flipped="False" hidden="False" data="PETP0" />
      <text name="pindes" originx="1880" originy="-1160" style="Default" rotation="0" justify="lowerright" flipped="False" hidden="False" data="33" />
    </sympin>
    <sympin number="34" originx="1900" originy="700" rotation="90" length="100" width="7.8740157480315" flipped="False">
      <text name="pinname" originx="1900" originy="670" style="Default" rotation="0" justify="right" flipped="False" hidden="False" data="GND_9" />
      <text name="pindes" originx="1880" originy="760" style="Default" rotation="0" justify="lowerleft" flipped="False" hidden="False" data="34" />
    </sympin>
    <sympin number="35" originx="2000" originy="-1100" rotation="270" length="100" width="7.8740157480315" flipped="False">
      <text name="pinname" originx="2000" originy="-1070" style="Default" rotation="0" justify="left" flipped="False" hidden="False" data="GND_10" />
      <text name="pindes" originx="1980" originy="-1160" style="Default" rotation="0" justify="lowerright" flipped="False" hidden="False" data="35" />
    </sympin>
    <sympin number="36" originx="2000" originy="700" rotation="90" length="100" width="7.8740157480315" flipped="False">
      <text name="pinname" originx="2000" originy="670" style="Default" rotation="0" justify="right" flipped="False" hidden="False" data="USB_D-" />
      <text name="pindes" originx="1980" originy="760" style="Default" rotation="0" justify="lowerleft" flipped="False" hidden="False" data="36" />
    </sympin>
    <sympin number="37" originx="2100" originy="-1100" rotation="270" length="100" width="7.8740157480315" flipped="False">
      <text name="pinname" originx="2100" originy="-1070" style="Default" rotation="0" justify="left" flipped="False" hidden="False" data="GND_11" />
      <text name="pindes" originx="2080" originy="-1160" style="Default" rotation="0" justify="lowerright" flipped="False" hidden="False" data="37" />
    </sympin>
    <sympin number="38" originx="2100" originy="700" rotation="90" length="100" width="7.8740157480315" flipped="False">
      <text name="pinname" originx="2100" originy="670" style="Default" rotation="0" justify="right" flipped="False" hidden="False" data="USB_D+" />
      <text name="pindes" originx="2080" originy="760" style="Default" rotation="0" justify="lowerleft" flipped="False" hidden="False" data="38" />
    </sympin>
    <sympin number="39" originx="2200" originy="-1100" rotation="270" length="100" width="7.8740157480315" flipped="False">
      <text name="pinname" originx="2200" originy="-1070" style="Default" rotation="0" justify="left" flipped="False" hidden="False" data="+3.3VAUX_2" />
      <text name="pindes" originx="2180" originy="-1160" style="Default" rotation="0" justify="lowerright" flipped="False" hidden="False" data="39" />
    </sympin>
    <sympin number="40" originx="2200" originy="700" rotation="90" length="100" width="7.8740157480315" flipped="False">
      <text name="pinname" originx="2200" originy="670" style="Default" rotation="0" justify="right" flipped="False" hidden="False" data="GND_12" />
      <text name="pindes" originx="2180" originy="760" style="Default" rotation="0" justify="lowerleft" flipped="False" hidden="False" data="40" />
    </sympin>
    <sympin number="41" originx="2300" originy="-1100" rotation="270" length="100" width="7.8740157480315" flipped="False">
      <text name="pinname" originx="2300" originy="-1070" style="Default" rotation="0" justify="left" flipped="False" hidden="False" data="+3.3VAUX_3" />
      <text name="pindes" originx="2280" originy="-1160" style="Default" rotation="0" justify="lowerright" flipped="False" hidden="False" data="41" />
    </sympin>
    <sympin number="42" originx="2300" originy="700" rotation="90" length="100" width="7.8740157480315" flipped="False">
      <text name="pinname" originx="2300" originy="670" style="Default" rotation="0" justify="right" flipped="False" hidden="False" data="LED_WWAN#" />
      <text name="pindes" originx="2280" originy="760" style="Default" rotation="0" justify="lowerleft" flipped="False" hidden="False" data="42" />
    </sympin>
    <sympin number="43" originx="2400" originy="-1100" rotation="270" length="100" width="7.8740157480315" flipped="False">
      <text name="pinname" originx="2400" originy="-1070" style="Default" rotation="0" justify="left" flipped="False" hidden="False" data="GND_13" />
      <text name="pindes" originx="2380" originy="-1160" style="Default" rotation="0" justify="lowerright" flipped="False" hidden="False" data="43" />
    </sympin>
    <sympin number="44" originx="2400" originy="700" rotation="90" length="100" width="7.8740157480315" flipped="False">
      <text name="pinname" originx="2400" originy="670" style="Default" rotation="0" justify="right" flipped="False" hidden="False" data="LED_WLAN#" />
      <text name="pindes" originx="2380" originy="760" style="Default" rotation="0" justify="lowerleft" flipped="False" hidden="False" data="44" />
    </sympin>
    <sympin number="45" originx="2500" originy="-1100" rotation="270" length="100" width="7.8740157480315" flipped="False">
      <text name="pinname" originx="2500" originy="-1070" style="Default" rotation="0" justify="left" flipped="False" hidden="False" data="RESERVED_1" />
      <text name="pindes" originx="2480" originy="-1160" style="Default" rotation="0" justify="lowerright" flipped="False" hidden="False" data="45" />
    </sympin>
    <sympin number="46" originx="2500" originy="700" rotation="90" length="100" width="7.8740157480315" flipped="False">
      <text name="pinname" originx="2500" originy="670" style="Default" rotation="0" justify="right" flipped="False" hidden="False" data="LED_WPAN#" />
      <text name="pindes" originx="2480" originy="760" style="Default" rotation="0" justify="lowerleft" flipped="False" hidden="False" data="46" />
    </sympin>
    <sympin number="47" originx="2600" originy="-1100" rotation="270" length="100" width="7.8740157480315" flipped="False">
      <text name="pinname" originx="2600" originy="-1070" style="Default" rotation="0" justify="left" flipped="False" hidden="False" data="RESERVED_2" />
      <text name="pindes" originx="2580" originy="-1160" style="Default" rotation="0" justify="lowerright" flipped="False" hidden="False" data="47" />
    </sympin>
    <sympin number="48" originx="2600" originy="700" rotation="90" length="100" width="7.8740157480315" flipped="False">
      <text name="pinname" originx="2600" originy="670" style="Default" rotation="0" justify="right" flipped="False" hidden="False" data="+1.5V_2" />
      <text name="pindes" originx="2580" originy="760" style="Default" rotation="0" justify="lowerleft" flipped="False" hidden="False" data="48" />
    </sympin>
    <sympin number="49" originx="2700" originy="-1100" rotation="270" length="100" width="7.8740157480315" flipped="False">
      <text name="pinname" originx="2700" originy="-1070" style="Default" rotation="0" justify="left" flipped="False" hidden="False" data="RESERVED_3" />
      <text name="pindes" originx="2680" originy="-1160" style="Default" rotation="0" justify="lowerright" flipped="False" hidden="False" data="49" />
    </sympin>
    <sympin number="50" originx="2700" originy="700" rotation="90" length="100" width="7.8740157480315" flipped="False">
      <text name="pinname" originx="2700" originy="670" style="Default" rotation="0" justify="right" flipped="False" hidden="False" data="GND_14" />
      <text name="pindes" originx="2680" originy="760" style="Default" rotation="0" justify="lowerleft" flipped="False" hidden="False" data="50" />
    </sympin>
    <sympin number="51" originx="2800" originy="-1100" rotation="270" length="100" width="7.8740157480315" flipped="False">
      <text name="pinname" originx="2800" originy="-1070" style="Default" rotation="0" justify="left" flipped="False" hidden="False" data="RESERVED_4" />
      <text name="pindes" originx="2780" originy="-1160" style="Default" rotation="0" justify="lowerright" flipped="False" hidden="False" data="51" />
    </sympin>
    <sympin number="52" originx="2800" originy="700" rotation="90" length="100" width="7.8740157480315" flipped="False">
      <text name="pinname" originx="2800" originy="670" style="Default" rotation="0" justify="right" flipped="False" hidden="False" data="3.3VAUX_2" />
      <text name="pindes" originx="2780" originy="760" style="Default" rotation="0" justify="lowerleft" flipped="False" hidden="False" data="52" />
    </sympin>
    <sympin number="53" originx="200" originy="0" rotation="180" length="100" width="7.8740157480315" flipped="False">
      <text name="pinname" originx="230" originy="0" style="Default" rotation="0" justify="left" flipped="False" hidden="False" data="MP1" />
      <text name="pindes" originx="140" originy="20" style="Default" rotation="0" justify="lowerright" flipped="False" hidden="False" data="MP1" />
    </sympin>
    <sympin number="54" originx="2900" originy="0" rotation="0" length="100" width="7.8740157480315" flipped="False">
      <text name="pinname" originx="2870" originy="0" style="Default" rotation="0" justify="right" flipped="False" hidden="False" data="MP2" />
      <text name="pindes" originx="2960" originy="20" style="Default" rotation="0" justify="lowerleft" flipped="False" hidden="False" data="MP2" />
    </sympin>
  </symbol>
  <component name="1775861-2" designatorprefix="J" height="157.48031496063" footprint="17758612">
    <comppin designator="1" sympin="1" pinswap="0" gateswap="0" gate="1" group="1" side="" type="Any" name="WAKE#" />
    <comppin designator="2" sympin="2" pinswap="0" gateswap="0" gate="1" group="1" side="" type="Any" name="3.3VAUX_1" />
    <comppin designator="3" sympin="3" pinswap="0" gateswap="0" gate="1" group="1" side="" type="Any" name="COEX1" />
    <comppin designator="4" sympin="4" pinswap="0" gateswap="0" gate="1" group="1" side="" type="Any" name="GND_1" />
    <comppin designator="5" sympin="5" pinswap="0" gateswap="0" gate="1" group="1" side="" type="Any" name="COEX2" />
    <comppin designator="6" sympin="6" pinswap="0" gateswap="0" gate="1" group="1" side="" type="Any" name="1.5V" />
    <comppin designator="7" sympin="7" pinswap="0" gateswap="0" gate="1" group="1" side="" type="Any" name="CLKREQ#" />
    <comppin designator="8" sympin="8" pinswap="0" gateswap="0" gate="1" group="1" side="" type="Any" name="UIM_PWR" />
    <comppin designator="9" sympin="9" pinswap="0" gateswap="0" gate="1" group="1" side="" type="Any" name="GND_2" />
    <comppin designator="10" sympin="10" pinswap="0" gateswap="0" gate="1" group="1" side="" type="Any" name="UIM_DATA" />
    <comppin designator="11" sympin="11" pinswap="0" gateswap="0" gate="1" group="1" side="" type="Any" name="REFCLK-" />
    <comppin designator="12" sympin="12" pinswap="0" gateswap="0" gate="1" group="1" side="" type="Any" name="UIM_CLK" />
    <comppin designator="13" sympin="13" pinswap="0" gateswap="0" gate="1" group="1" side="" type="Any" name="REFCLK+" />
    <comppin designator="14" sympin="14" pinswap="0" gateswap="0" gate="1" group="1" side="" type="Any" name="UIM_RESET" />
    <comppin designator="15" sympin="15" pinswap="0" gateswap="0" gate="1" group="1" side="" type="Any" name="GND_3" />
    <comppin designator="16" sympin="16" pinswap="0" gateswap="0" gate="1" group="1" side="" type="Any" name="UIM_VPP" />
    <comppin designator="17" sympin="17" pinswap="0" gateswap="0" gate="1" group="1" side="" type="Any" name="RESERVED|(UIM_C8)" />
    <comppin designator="18" sympin="18" pinswap="0" gateswap="0" gate="1" group="1" side="" type="Any" name="GND_4" />
    <comppin designator="19" sympin="19" pinswap="0" gateswap="0" gate="1" group="1" side="" type="Any" name="RESERVED|(UIM_C4)" />
    <comppin designator="20" sympin="20" pinswap="0" gateswap="0" gate="1" group="1" side="" type="Any" name="W_DISABLE#" />
    <comppin designator="21" sympin="21" pinswap="0" gateswap="0" gate="1" group="1" side="" type="Any" name="GND_5" />
    <comppin designator="22" sympin="22" pinswap="0" gateswap="0" gate="1" group="1" side="" type="Any" name="PERST#" />
    <comppin designator="23" sympin="23" pinswap="0" gateswap="0" gate="1" group="1" side="" type="Any" name="PERN0" />
    <comppin designator="24" sympin="24" pinswap="0" gateswap="0" gate="1" group="1" side="" type="Any" name="+3.3VAUX_1" />
    <comppin designator="25" sympin="25" pinswap="0" gateswap="0" gate="1" group="1" side="" type="Any" name="PERP0" />
    <comppin designator="26" sympin="26" pinswap="0" gateswap="0" gate="1" group="1" side="" type="Any" name="GND_6" />
    <comppin designator="27" sympin="27" pinswap="0" gateswap="0" gate="1" group="1" side="" type="Any" name="GND_7" />
    <comppin designator="28" sympin="28" pinswap="0" gateswap="0" gate="1" group="1" side="" type="Any" name="+1.5V_1" />
    <comppin designator="29" sympin="29" pinswap="0" gateswap="0" gate="1" group="1" side="" type="Any" name="GND_8" />
    <comppin designator="30" sympin="30" pinswap="0" gateswap="0" gate="1" group="1" side="" type="Any" name="SMB_CLK" />
    <comppin designator="31" sympin="31" pinswap="0" gateswap="0" gate="1" group="1" side="" type="Any" name="PETN0" />
    <comppin designator="32" sympin="32" pinswap="0" gateswap="0" gate="1" group="1" side="" type="Any" name="SMB_DATA" />
    <comppin designator="33" sympin="33" pinswap="0" gateswap="0" gate="1" group="1" side="" type="Any" name="PETP0" />
    <comppin designator="34" sympin="34" pinswap="0" gateswap="0" gate="1" group="1" side="" type="Any" name="GND_9" />
    <comppin designator="35" sympin="35" pinswap="0" gateswap="0" gate="1" group="1" side="" type="Any" name="GND_10" />
    <comppin designator="36" sympin="36" pinswap="0" gateswap="0" gate="1" group="1" side="" type="Any" name="USB_D-" />
    <comppin designator="37" sympin="37" pinswap="0" gateswap="0" gate="1" group="1" side="" type="Any" name="GND_11" />
    <comppin designator="38" sympin="38" pinswap="0" gateswap="0" gate="1" group="1" side="" type="Any" name="USB_D+" />
    <comppin designator="39" sympin="39" pinswap="0" gateswap="0" gate="1" group="1" side="" type="Any" name="+3.3VAUX_2" />
    <comppin designator="40" sympin="40" pinswap="0" gateswap="0" gate="1" group="1" side="" type="Any" name="GND_12" />
    <comppin designator="41" sympin="41" pinswap="0" gateswap="0" gate="1" group="1" side="" type="Any" name="+3.3VAUX_3" />
    <comppin designator="42" sympin="42" pinswap="0" gateswap="0" gate="1" group="1" side="" type="Any" name="LED_WWAN#" />
    <comppin designator="43" sympin="43" pinswap="0" gateswap="0" gate="1" group="1" side="" type="Any" name="GND_13" />
    <comppin designator="44" sympin="44" pinswap="0" gateswap="0" gate="1" group="1" side="" type="Any" name="LED_WLAN#" />
    <comppin designator="45" sympin="45" pinswap="0" gateswap="0" gate="1" group="1" side="" type="Any" name="RESERVED_1" />
    <comppin designator="46" sympin="46" pinswap="0" gateswap="0" gate="1" group="1" side="" type="Any" name="LED_WPAN#" />
    <comppin designator="47" sympin="47" pinswap="0" gateswap="0" gate="1" group="1" side="" type="Any" name="RESERVED_2" />
    <comppin designator="48" sympin="48" pinswap="0" gateswap="0" gate="1" group="1" side="" type="Any" name="+1.5V_2" />
    <comppin designator="49" sympin="49" pinswap="0" gateswap="0" gate="1" group="1" side="" type="Any" name="RESERVED_3" />
    <comppin designator="50" sympin="50" pinswap="0" gateswap="0" gate="1" group="1" side="" type="Any" name="GND_14" />
    <comppin designator="51" sympin="51" pinswap="0" gateswap="0" gate="1" group="1" side="" type="Any" name="RESERVED_4" />
    <comppin designator="52" sympin="52" pinswap="0" gateswap="0" gate="1" group="1" side="" type="Any" name="3.3VAUX_2" />
    <comppin designator="MP1" sympin="53" pinswap="0" gateswap="0" gate="1" group="1" side="" type="Any" name="MP1" />
    <comppin designator="MP2" sympin="54" pinswap="0" gateswap="0" gate="1" group="1" side="" type="Any" name="MP2" />
    <attached_symbol gate="1" name="1775861-2" />
    <pinmap designator="1" footprintpin="1" />
    <pinmap designator="2" footprintpin="2" />
    <pinmap designator="3" footprintpin="3" />
    <pinmap designator="4" footprintpin="4" />
    <pinmap designator="5" footprintpin="5" />
    <pinmap designator="6" footprintpin="6" />
    <pinmap designator="7" footprintpin="7" />
    <pinmap designator="8" footprintpin="8" />
    <pinmap designator="9" footprintpin="9" />
    <pinmap designator="10" footprintpin="10" />
    <pinmap designator="11" footprintpin="11" />
    <pinmap designator="12" footprintpin="12" />
    <pinmap designator="13" footprintpin="13" />
    <pinmap designator="14" footprintpin="14" />
    <pinmap designator="15" footprintpin="15" />
    <pinmap designator="16" footprintpin="16" />
    <pinmap designator="17" footprintpin="17" />
    <pinmap designator="18" footprintpin="18" />
    <pinmap designator="19" footprintpin="19" />
    <pinmap designator="20" footprintpin="20" />
    <pinmap designator="21" footprintpin="21" />
    <pinmap designator="22" footprintpin="22" />
    <pinmap designator="23" footprintpin="23" />
    <pinmap designator="24" footprintpin="24" />
    <pinmap designator="25" footprintpin="25" />
    <pinmap designator="26" footprintpin="26" />
    <pinmap designator="27" footprintpin="27" />
    <pinmap designator="28" footprintpin="28" />
    <pinmap designator="29" footprintpin="29" />
    <pinmap designator="30" footprintpin="30" />
    <pinmap designator="31" footprintpin="31" />
    <pinmap designator="32" footprintpin="32" />
    <pinmap designator="33" footprintpin="33" />
    <pinmap designator="34" footprintpin="34" />
    <pinmap designator="35" footprintpin="35" />
    <pinmap designator="36" footprintpin="36" />
    <pinmap designator="37" footprintpin="37" />
    <pinmap designator="38" footprintpin="38" />
    <pinmap designator="39" footprintpin="39" />
    <pinmap designator="40" footprintpin="40" />
    <pinmap designator="41" footprintpin="41" />
    <pinmap designator="42" footprintpin="42" />
    <pinmap designator="43" footprintpin="43" />
    <pinmap designator="44" footprintpin="44" />
    <pinmap designator="45" footprintpin="45" />
    <pinmap designator="46" footprintpin="46" />
    <pinmap designator="47" footprintpin="47" />
    <pinmap designator="48" footprintpin="48" />
    <pinmap designator="49" footprintpin="49" />
    <pinmap designator="50" footprintpin="50" />
    <pinmap designator="51" footprintpin="51" />
    <pinmap designator="52" footprintpin="52" />
    <pinmap designator="MP1" footprintpin="53" />
    <pinmap designator="MP2" footprintpin="54" />
    <text name="Datasheet" originx="0" originy="0" style="Default" rotation="0" justify="" flipped="False" hidden="True" data="http://www.te.com/commerce/DocumentDelivery/DDEController?Action=srchrtrv&amp;DocNm=1775861&amp;DocType=Customer Drawing&amp;DocLang=English" />
    <text name="Description" originx="0" originy="0" style="Default" rotation="0" justify="" flipped="False" hidden="True" data="PCI Express / PCI Connectors mini PCI-E 4H Type I G/F" />
    <text name="Mouser Part Number" originx="0" originy="0" style="Default" rotation="0" justify="" flipped="False" hidden="True" data="571-1775861-2" />
    <text name="Mouser Price/Stock" originx="0" originy="0" style="Default" rotation="0" justify="" flipped="False" hidden="True" data="https://www.mouser.co.uk/ProductDetail/TE-Connectivity/1775861-2?qs=n3Ybsy482HFOCKLz7tQxIw%3D%3D" />
    <text name="Manufacturer_Name" originx="0" originy="0" style="Default" rotation="0" justify="" flipped="False" hidden="True" data="TE Connectivity" />
    <text name="Manufacturer_Part_Number" originx="2950" originy="800" style="Default" rotation="0" justify="left" flipped="False" hidden="False" data="1775861-2" />
  </component>
</quadcept_library>
