<?xml version="1.0" encoding="utf-8"?>
<!--/4641408/1105701/2.50/2/2/Resistor/-->
<quadcept_library>
  <setting unit="mil" />
  <textstyle name="Default" height="47.244094488189" strokewidth="7.8740157480315" charwidth="47.244094488189" />
  <textstyle name="Dimension" height="19.6850393700787" strokewidth="0" charwidth="19.6850393700787" />
  <textstyle name="H127W0635TH00762" height="50" strokewidth="3" charwidth="25" />
  <textstyle name="H15W15TH02" height="59.0551181102362" strokewidth="7.8740157480315" charwidth="59.0551181102362" />
  <padstyle name="c157.5_h105" surface="False" plated="True" isvia="False" nopaste="True" nomask="True" complex="False" holesize="41.338582677165">
    <padshape layer="TOP" shape="round" width="62.007874015747" height="62.007874015747" />
    <padshape layer="TOP_SOLDER_MASK" shape="round" width="69.881889763779" height="69.881889763779" />
    <padshape layer="INNER" shape="round" width="62.007874015747" height="62.007874015747" />
    <padshape layer="BOTTOM" shape="round" width="62.007874015747" height="62.007874015747" />
    <padshape layer="BOTTOM_SOLDER_MASK" shape="round" width="69.881889763779" height="69.881889763779" />
  </padstyle>
  <footprint name="SQPW102R2J" originx="0" originy="0" pickpointx="0" pickpointy="0">
    <pcbpin number="1" name="1" style="c157.5_h105" originx="0" originy="0" rotation="90" />
    <pcbpin number="2" name="2" style="c157.5_h105" originx="3464.5669291338" originy="0" rotation="90" />
    <line layer="TOP_ASSEMBLY" originx="787.40157480314" originy="-196.85039370078" endx="2677.1653543307" endy="-196.85039370078" width="7.8740157480314" />
    <line layer="TOP_ASSEMBLY" originx="2677.1653543307" originy="-196.85039370078" endx="2677.1653543307" endy="196.85039370078" width="7.8740157480314" />
    <line layer="TOP_ASSEMBLY" originx="2677.1653543307" originy="196.85039370078" endx="787.40157480314" endy="196.85039370078" width="7.8740157480314" />
    <line layer="TOP_ASSEMBLY" originx="787.40157480314" originy="196.85039370078" endx="787.40157480314" endy="-196.85039370078" width="7.8740157480314" />
    <line layer="TOP_SILKSCREEN" originx="787.40157480314" originy="196.85039370078" endx="2677.1653543307" endy="196.85039370078" width="3.9370078740157" />
    <line layer="TOP_SILKSCREEN" originx="2677.1653543307" originy="196.85039370078" endx="2677.1653543307" endy="-196.85039370078" width="3.9370078740157" />
    <line layer="TOP_SILKSCREEN" originx="2677.1653543307" originy="-196.85039370078" endx="787.40157480314" endy="-196.85039370078" width="3.9370078740157" />
    <line layer="TOP_SILKSCREEN" originx="787.40157480314" originy="-196.85039370078" endx="787.40157480314" endy="196.85039370078" width="3.9370078740157" />
    <line layer="TOP_PLACE_BOUND" originx="-70.354330708661" originy="236.22047244094" endx="3534.9212598425" endy="236.22047244094" width="3.9370078740157" />
    <line layer="TOP_PLACE_BOUND" originx="3534.9212598425" originy="236.22047244094" endx="3534.9212598425" endy="-236.22047244094" width="3.9370078740157" />
    <line layer="TOP_PLACE_BOUND" originx="3534.9212598425" originy="-236.22047244094" endx="-70.354330708661" endy="-236.22047244094" width="3.9370078740157" />
    <line layer="TOP_PLACE_BOUND" originx="-70.354330708661" originy="-236.22047244094" endx="-70.354330708661" endy="236.22047244094" width="3.9370078740157" />
    <line layer="TOP_ASSEMBLY" originx="787.40157480314" originy="0" endx="0" endy="0" width="7.8740157480314" />
    <line layer="TOP_ASSEMBLY" originx="2677.1653543307" originy="0" endx="3464.5669291338" endy="0" width="7.8740157480314" />
  </footprint>
  <symbol name="SQPW102R2J" originx="0" originy="0">
    <line originx="200" originy="50" endx="500" endy="50" width="0" />
    <line originx="500" originy="-50" endx="500" endy="50" width="0" />
    <line originx="500" originy="-50" endx="200" endy="-50" width="0" />
    <line originx="200" originy="50" endx="200" endy="-50" width="0" />
    <sympin number="1" originx="200" originy="0" rotation="180" length="100" width="7.8740157480315" flipped="False">
      <text name="pinname" originx="0" originy="-10" style="Default" rotation="0" justify="upperleft" flipped="False" hidden="True" data="1" />
      <text name="pindes" originx="0" originy="10" style="Default" rotation="0" justify="lowerleft" flipped="False" hidden="False" data="1" />
    </sympin>
    <sympin number="2" originx="500" originy="0" rotation="0" length="100" width="7.8740157480315" flipped="False">
      <text name="pinname" originx="700" originy="-10" style="Default" rotation="0" justify="upperright" flipped="False" hidden="True" data="2" />
      <text name="pindes" originx="700" originy="10" style="Default" rotation="0" justify="lowerright" flipped="False" hidden="False" data="2" />
    </sympin>
  </symbol>
  <component name="SQPW102R2J" designatorprefix="R" height="393.70078740157" footprint="SQPW102R2J">
    <comppin designator="1" sympin="1" pinswap="0" gateswap="0" gate="1" group="1" side="" type="Any" name="1" />
    <comppin designator="2" sympin="2" pinswap="0" gateswap="0" gate="1" group="1" side="" type="Any" name="2" />
    <attached_symbol gate="1" name="SQPW102R2J" />
    <pinmap designator="1" footprintpin="1" />
    <pinmap designator="2" footprintpin="2" />
    <text name="Datasheet" originx="0" originy="0" style="Default" rotation="0" justify="" flipped="False" hidden="True" data="https://www.te.com/commerce/DocumentDelivery/DDEController?Action=srchrtrv&amp;DocNm=8-1773459-4_ELEVATOR_ESCALATOR_SOLUTIONS&amp;DocType=Data Sheet&amp;DocLang=English&amp;PartCntxt=1623795-7&amp;DocFormat=pdf" />
    <text name="Description" originx="0" originy="0" style="Default" rotation="0" justify="" flipped="False" hidden="True" data="Body Features: Lead Type Axial-Leaded | Configuration Features: Number of Resistors 1 | Dimensions: Passive Component Dimensions 48 x 10 x 9 MM | Electrical Characteristics: Operating Voltage 750 V | Resistance Value 2.2 OHM | Power Rating 10 WATT | Passive Component Tolerance 5 PCT | Resistance Class Up to 1k | Packaging Features: Packaging Method Loose Piece - Box | Product Type Features: Element Type Wire Wound | Resistor Type Power Resistor | Termination Features: Number of Terminations 2 | Terminatio" />
    <text name="Mouser Part Number" originx="0" originy="0" style="Default" rotation="0" justify="" flipped="False" hidden="True" data="279-SQPW102R2J" />
    <text name="Mouser Price/Stock" originx="0" originy="0" style="Default" rotation="0" justify="" flipped="False" hidden="True" data="https://www.mouser.co.uk/ProductDetail/TE-Connectivity-Holsworthy/SQPW102R2J?qs=8G8kQhBkhGisnmZhLp1RRg%3D%3D" />
    <text name="Manufacturer_Name" originx="0" originy="0" style="Default" rotation="0" justify="" flipped="False" hidden="True" data="TE Connectivity" />
    <text name="Manufacturer_Part_Number" originx="550" originy="150" style="Default" rotation="0" justify="left" flipped="False" hidden="False" data="SQPW102R2J" />
  </component>
</quadcept_library>
