<?xml version="1.0" encoding="utf-8"?>
<!--/14032598/1105701/2.50/96/3/Integrated Circuit/-->
<quadcept_library>
  <setting unit="mil" />
  <textstyle name="Default" height="47.244094488189" strokewidth="7.8740157480315" charwidth="47.244094488189" />
  <textstyle name="Dimension" height="19.6850393700787" strokewidth="0" charwidth="19.6850393700787" />
  <textstyle name="H127W0635TH00762" height="50" strokewidth="3" charwidth="25" />
  <textstyle name="H15W15TH02" height="59.0551181102362" strokewidth="7.8740157480315" charwidth="59.0551181102362" />
  <padstyle name="c41" surface="True" plated="False" isvia="False" nopaste="False" nomask="True" complex="False" holesize="0">
    <padshape layer="TOP" shape="round" width="16.141732283464" height="16.141732283464" />
    <padshape layer="TOP_SOLDER_MASK" shape="round" width="24.015748031496" height="24.015748031496" />
    <padshape layer="TOP_SOLDER_PASTE" shape="round" width="16.141732283464" height="16.141732283464" />
  </padstyle>
  <footprint name="BGA96C80P9X16_750X1350X120" originx="0" originy="0" pickpointx="0" pickpointy="0">
    <pcbpin number="1" name="A1" style="c41" originx="-125.9842519685" originy="236.22047244094" rotation="90" />
    <pcbpin number="2" name="A2" style="c41" originx="-94.488188976377" originy="236.22047244094" rotation="90" />
    <pcbpin number="3" name="A3" style="c41" originx="-62.992125984251" originy="236.22047244094" rotation="90" />
    <pcbpin number="4" name="A7" style="c41" originx="62.992125984251" originy="236.22047244094" rotation="90" />
    <pcbpin number="5" name="A8" style="c41" originx="94.488188976377" originy="236.22047244094" rotation="90" />
    <pcbpin number="6" name="A9" style="c41" originx="125.9842519685" originy="236.22047244094" rotation="90" />
    <pcbpin number="7" name="B1" style="c41" originx="-125.9842519685" originy="204.72440944882" rotation="90" />
    <pcbpin number="8" name="B2" style="c41" originx="-94.488188976377" originy="204.72440944882" rotation="90" />
    <pcbpin number="9" name="B3" style="c41" originx="-62.992125984251" originy="204.72440944882" rotation="90" />
    <pcbpin number="10" name="B7" style="c41" originx="62.992125984251" originy="204.72440944882" rotation="90" />
    <pcbpin number="11" name="B8" style="c41" originx="94.488188976377" originy="204.72440944882" rotation="90" />
    <pcbpin number="12" name="B9" style="c41" originx="125.9842519685" originy="204.72440944882" rotation="90" />
    <pcbpin number="13" name="C1" style="c41" originx="-125.9842519685" originy="173.22834645669" rotation="90" />
    <pcbpin number="14" name="C2" style="c41" originx="-94.488188976377" originy="173.22834645669" rotation="90" />
    <pcbpin number="15" name="C3" style="c41" originx="-62.992125984251" originy="173.22834645669" rotation="90" />
    <pcbpin number="16" name="C7" style="c41" originx="62.992125984251" originy="173.22834645669" rotation="90" />
    <pcbpin number="17" name="C8" style="c41" originx="94.488188976377" originy="173.22834645669" rotation="90" />
    <pcbpin number="18" name="C9" style="c41" originx="125.9842519685" originy="173.22834645669" rotation="90" />
    <pcbpin number="19" name="D1" style="c41" originx="-125.9842519685" originy="141.73228346457" rotation="90" />
    <pcbpin number="20" name="D2" style="c41" originx="-94.488188976377" originy="141.73228346457" rotation="90" />
    <pcbpin number="21" name="D3" style="c41" originx="-62.992125984251" originy="141.73228346457" rotation="90" />
    <pcbpin number="22" name="D7" style="c41" originx="62.992125984251" originy="141.73228346457" rotation="90" />
    <pcbpin number="23" name="D8" style="c41" originx="94.488188976377" originy="141.73228346457" rotation="90" />
    <pcbpin number="24" name="D9" style="c41" originx="125.9842519685" originy="141.73228346457" rotation="90" />
    <pcbpin number="25" name="E1" style="c41" originx="-125.9842519685" originy="110.23622047244" rotation="90" />
    <pcbpin number="26" name="E2" style="c41" originx="-94.488188976377" originy="110.23622047244" rotation="90" />
    <pcbpin number="27" name="E3" style="c41" originx="-62.992125984251" originy="110.23622047244" rotation="90" />
    <pcbpin number="28" name="E7" style="c41" originx="62.992125984251" originy="110.23622047244" rotation="90" />
    <pcbpin number="29" name="E8" style="c41" originx="94.488188976377" originy="110.23622047244" rotation="90" />
    <pcbpin number="30" name="E9" style="c41" originx="125.9842519685" originy="110.23622047244" rotation="90" />
    <pcbpin number="31" name="F1" style="c41" originx="-125.9842519685" originy="78.740157480314" rotation="90" />
    <pcbpin number="32" name="F2" style="c41" originx="-94.488188976377" originy="78.740157480314" rotation="90" />
    <pcbpin number="33" name="F3" style="c41" originx="-62.992125984251" originy="78.740157480314" rotation="90" />
    <pcbpin number="34" name="F7" style="c41" originx="62.992125984251" originy="78.740157480314" rotation="90" />
    <pcbpin number="35" name="F8" style="c41" originx="94.488188976377" originy="78.740157480314" rotation="90" />
    <pcbpin number="36" name="F9" style="c41" originx="125.9842519685" originy="78.740157480314" rotation="90" />
    <pcbpin number="37" name="G1" style="c41" originx="-125.9842519685" originy="47.244094488188" rotation="90" />
    <pcbpin number="38" name="G2" style="c41" originx="-94.488188976377" originy="47.244094488188" rotation="90" />
    <pcbpin number="39" name="G3" style="c41" originx="-62.992125984251" originy="47.244094488188" rotation="90" />
    <pcbpin number="40" name="G7" style="c41" originx="62.992125984251" originy="47.244094488188" rotation="90" />
    <pcbpin number="41" name="G8" style="c41" originx="94.488188976377" originy="47.244094488188" rotation="90" />
    <pcbpin number="42" name="G9" style="c41" originx="125.9842519685" originy="47.244094488188" rotation="90" />
    <pcbpin number="43" name="H1" style="c41" originx="-125.9842519685" originy="15.748031496063" rotation="90" />
    <pcbpin number="44" name="H2" style="c41" originx="-94.488188976377" originy="15.748031496063" rotation="90" />
    <pcbpin number="45" name="H3" style="c41" originx="-62.992125984251" originy="15.748031496063" rotation="90" />
    <pcbpin number="46" name="H7" style="c41" originx="62.992125984251" originy="15.748031496063" rotation="90" />
    <pcbpin number="47" name="H8" style="c41" originx="94.488188976377" originy="15.748031496063" rotation="90" />
    <pcbpin number="48" name="H9" style="c41" originx="125.9842519685" originy="15.748031496063" rotation="90" />
    <pcbpin number="49" name="J1" style="c41" originx="-125.9842519685" originy="-15.748031496063" rotation="90" />
    <pcbpin number="50" name="J2" style="c41" originx="-94.488188976377" originy="-15.748031496063" rotation="90" />
    <pcbpin number="51" name="J3" style="c41" originx="-62.992125984251" originy="-15.748031496063" rotation="90" />
    <pcbpin number="52" name="J7" style="c41" originx="62.992125984251" originy="-15.748031496063" rotation="90" />
    <pcbpin number="53" name="J8" style="c41" originx="94.488188976377" originy="-15.748031496063" rotation="90" />
    <pcbpin number="54" name="J9" style="c41" originx="125.9842519685" originy="-15.748031496063" rotation="90" />
    <pcbpin number="55" name="K1" style="c41" originx="-125.9842519685" originy="-47.244094488188" rotation="90" />
    <pcbpin number="56" name="K2" style="c41" originx="-94.488188976377" originy="-47.244094488188" rotation="90" />
    <pcbpin number="57" name="K3" style="c41" originx="-62.992125984251" originy="-47.244094488188" rotation="90" />
    <pcbpin number="58" name="K7" style="c41" originx="62.992125984251" originy="-47.244094488188" rotation="90" />
    <pcbpin number="59" name="K8" style="c41" originx="94.488188976377" originy="-47.244094488188" rotation="90" />
    <pcbpin number="60" name="K9" style="c41" originx="125.9842519685" originy="-47.244094488188" rotation="90" />
    <pcbpin number="61" name="L1" style="c41" originx="-125.9842519685" originy="-78.740157480314" rotation="90" />
    <pcbpin number="62" name="L2" style="c41" originx="-94.488188976377" originy="-78.740157480314" rotation="90" />
    <pcbpin number="63" name="L3" style="c41" originx="-62.992125984251" originy="-78.740157480314" rotation="90" />
    <pcbpin number="64" name="L7" style="c41" originx="62.992125984251" originy="-78.740157480314" rotation="90" />
    <pcbpin number="65" name="L8" style="c41" originx="94.488188976377" originy="-78.740157480314" rotation="90" />
    <pcbpin number="66" name="L9" style="c41" originx="125.9842519685" originy="-78.740157480314" rotation="90" />
    <pcbpin number="67" name="M1" style="c41" originx="-125.9842519685" originy="-110.23622047244" rotation="90" />
    <pcbpin number="68" name="M2" style="c41" originx="-94.488188976377" originy="-110.23622047244" rotation="90" />
    <pcbpin number="69" name="M3" style="c41" originx="-62.992125984251" originy="-110.23622047244" rotation="90" />
    <pcbpin number="70" name="M7" style="c41" originx="62.992125984251" originy="-110.23622047244" rotation="90" />
    <pcbpin number="71" name="M8" style="c41" originx="94.488188976377" originy="-110.23622047244" rotation="90" />
    <pcbpin number="72" name="M9" style="c41" originx="125.9842519685" originy="-110.23622047244" rotation="90" />
    <pcbpin number="73" name="N1" style="c41" originx="-125.9842519685" originy="-141.73228346457" rotation="90" />
    <pcbpin number="74" name="N2" style="c41" originx="-94.488188976377" originy="-141.73228346457" rotation="90" />
    <pcbpin number="75" name="N3" style="c41" originx="-62.992125984251" originy="-141.73228346457" rotation="90" />
    <pcbpin number="76" name="N7" style="c41" originx="62.992125984251" originy="-141.73228346457" rotation="90" />
    <pcbpin number="77" name="N8" style="c41" originx="94.488188976377" originy="-141.73228346457" rotation="90" />
    <pcbpin number="78" name="N9" style="c41" originx="125.9842519685" originy="-141.73228346457" rotation="90" />
    <pcbpin number="79" name="P1" style="c41" originx="-125.9842519685" originy="-173.22834645669" rotation="90" />
    <pcbpin number="80" name="P2" style="c41" originx="-94.488188976377" originy="-173.22834645669" rotation="90" />
    <pcbpin number="81" name="P3" style="c41" originx="-62.992125984251" originy="-173.22834645669" rotation="90" />
    <pcbpin number="82" name="P7" style="c41" originx="62.992125984251" originy="-173.22834645669" rotation="90" />
    <pcbpin number="83" name="P8" style="c41" originx="94.488188976377" originy="-173.22834645669" rotation="90" />
    <pcbpin number="84" name="P9" style="c41" originx="125.9842519685" originy="-173.22834645669" rotation="90" />
    <pcbpin number="85" name="R1" style="c41" originx="-125.9842519685" originy="-204.72440944882" rotation="90" />
    <pcbpin number="86" name="R2" style="c41" originx="-94.488188976377" originy="-204.72440944882" rotation="90" />
    <pcbpin number="87" name="R3" style="c41" originx="-62.992125984251" originy="-204.72440944882" rotation="90" />
    <pcbpin number="88" name="R7" style="c41" originx="62.992125984251" originy="-204.72440944882" rotation="90" />
    <pcbpin number="89" name="R8" style="c41" originx="94.488188976377" originy="-204.72440944882" rotation="90" />
    <pcbpin number="90" name="R9" style="c41" originx="125.9842519685" originy="-204.72440944882" rotation="90" />
    <pcbpin number="91" name="T1" style="c41" originx="-125.9842519685" originy="-236.22047244094" rotation="90" />
    <pcbpin number="92" name="T2" style="c41" originx="-94.488188976377" originy="-236.22047244094" rotation="90" />
    <pcbpin number="93" name="T3" style="c41" originx="-62.992125984251" originy="-236.22047244094" rotation="90" />
    <pcbpin number="94" name="T7" style="c41" originx="62.992125984251" originy="-236.22047244094" rotation="90" />
    <pcbpin number="95" name="T8" style="c41" originx="94.488188976377" originy="-236.22047244094" rotation="90" />
    <pcbpin number="96" name="T9" style="c41" originx="125.9842519685" originy="-236.22047244094" rotation="90" />
    <line layer="TOP_PLACE_BOUND" originx="-188.97637795275" originy="307.08661417322" endx="188.97637795275" endy="307.08661417322" width="1.9685039370079" />
    <line layer="TOP_PLACE_BOUND" originx="188.97637795275" originy="307.08661417322" endx="188.97637795275" endy="-307.08661417322" width="1.9685039370079" />
    <line layer="TOP_PLACE_BOUND" originx="188.97637795275" originy="-307.08661417322" endx="-188.97637795275" endy="-307.08661417322" width="1.9685039370079" />
    <line layer="TOP_PLACE_BOUND" originx="-188.97637795275" originy="-307.08661417322" endx="-188.97637795275" endy="307.08661417322" width="1.9685039370079" />
    <line layer="TOP_ASSEMBLY" originx="-147.63779527559" originy="265.74803149606" endx="147.63779527559" endy="265.74803149606" width="3.9370078740157" />
    <line layer="TOP_ASSEMBLY" originx="147.63779527559" originy="265.74803149606" endx="147.63779527559" endy="-265.74803149606" width="3.9370078740157" />
    <line layer="TOP_ASSEMBLY" originx="147.63779527559" originy="-265.74803149606" endx="-147.63779527559" endy="-265.74803149606" width="3.9370078740157" />
    <line layer="TOP_ASSEMBLY" originx="-147.63779527559" originy="-265.74803149606" endx="-147.63779527559" endy="265.74803149606" width="3.9370078740157" />
    <line layer="TOP_ASSEMBLY" originx="-147.63779527559" originy="131.88976377953" endx="-13.779527559055" endy="265.74803149606" width="3.9370078740157" />
    <line layer="TOP_SILKSCREEN" originx="-118.30708661417" originy="265.74803149606" endx="147.83464566929" endy="265.74803149606" width="7.8740157480314" />
    <line layer="TOP_SILKSCREEN" originx="147.83464566929" originy="265.74803149606" endx="147.83464566929" endy="-265.74803149606" width="7.8740157480314" />
    <line layer="TOP_SILKSCREEN" originx="147.83464566929" originy="-265.74803149606" endx="-147.83464566929" endy="-265.74803149606" width="7.8740157480314" />
    <line layer="TOP_SILKSCREEN" originx="-147.83464566929" originy="-265.74803149606" endx="-147.83464566929" endy="236.22047244094" width="7.8740157480314" />
    <line layer="TOP_SILKSCREEN" originx="-147.83464566929" originy="236.22047244094" endx="-118.30708661417" endy="265.74803149606" width="7.8740157480314" />
    <arc layer="TOP_SILKSCREEN" originx="-147.83464566929" originy="265.74803149606" startangle="180" sweepangle="180" radius="3.9370078740157" width="7.8740157480314" />
    <arc layer="TOP_SILKSCREEN" originx="-147.83464566929" originy="265.74803149606" startangle="180" sweepangle="-180" radius="3.9370078740157" width="7.8740157480314" />
  </footprint>
  <symbol name="D2516ECMDXGJD-U" originx="0" originy="0">
    <line originx="200" originy="100" endx="1200" endy="100" width="0" />
    <line originx="1200" originy="-4800" endx="1200" endy="100" width="0" />
    <line originx="1200" originy="-4800" endx="200" endy="-4800" width="0" />
    <line originx="200" originy="100" endx="200" endy="-4800" width="0" />
    <sympin number="1" originx="200" originy="0" rotation="180" length="100" width="7.8740157480315" flipped="False">
      <text name="pinname" originx="230" originy="0" style="Default" rotation="0" justify="left" flipped="False" hidden="False" data="VDDQ_1" />
      <text name="pindes" originx="140" originy="20" style="Default" rotation="0" justify="lowerright" flipped="False" hidden="False" data="A1" />
    </sympin>
    <sympin number="2" originx="200" originy="-100" rotation="180" length="100" width="7.8740157480315" flipped="False">
      <text name="pinname" originx="230" originy="-100" style="Default" rotation="0" justify="left" flipped="False" hidden="False" data="DQU5" />
      <text name="pindes" originx="140" originy="-80" style="Default" rotation="0" justify="lowerright" flipped="False" hidden="False" data="A2" />
    </sympin>
    <sympin number="3" originx="200" originy="-200" rotation="180" length="100" width="7.8740157480315" flipped="False">
      <text name="pinname" originx="230" originy="-200" style="Default" rotation="0" justify="left" flipped="False" hidden="False" data="DQU7" />
      <text name="pindes" originx="140" originy="-180" style="Default" rotation="0" justify="lowerright" flipped="False" hidden="False" data="A3" />
    </sympin>
    <sympin number="4" originx="200" originy="-300" rotation="180" length="100" width="7.8740157480315" flipped="False">
      <text name="pinname" originx="230" originy="-300" style="Default" rotation="0" justify="left" flipped="False" hidden="False" data="DQU4" />
      <text name="pindes" originx="140" originy="-280" style="Default" rotation="0" justify="lowerright" flipped="False" hidden="False" data="A7" />
    </sympin>
    <sympin number="5" originx="200" originy="-400" rotation="180" length="100" width="7.8740157480315" flipped="False">
      <text name="pinname" originx="230" originy="-400" style="Default" rotation="0" justify="left" flipped="False" hidden="False" data="VDDQ_2" />
      <text name="pindes" originx="140" originy="-380" style="Default" rotation="0" justify="lowerright" flipped="False" hidden="False" data="A8" />
    </sympin>
    <sympin number="6" originx="200" originy="-500" rotation="180" length="100" width="7.8740157480315" flipped="False">
      <text name="pinname" originx="230" originy="-500" style="Default" rotation="0" justify="left" flipped="False" hidden="False" data="VSS_1" />
      <text name="pindes" originx="140" originy="-480" style="Default" rotation="0" justify="lowerright" flipped="False" hidden="False" data="A9" />
    </sympin>
    <sympin number="7" originx="200" originy="-600" rotation="180" length="100" width="7.8740157480315" flipped="False">
      <text name="pinname" originx="230" originy="-600" style="Default" rotation="0" justify="left" flipped="False" hidden="False" data="VSSQ_1" />
      <text name="pindes" originx="140" originy="-580" style="Default" rotation="0" justify="lowerright" flipped="False" hidden="False" data="B1" />
    </sympin>
    <sympin number="8" originx="200" originy="-700" rotation="180" length="100" width="7.8740157480315" flipped="False">
      <text name="pinname" originx="230" originy="-700" style="Default" rotation="0" justify="left" flipped="False" hidden="False" data="VDD_1" />
      <text name="pindes" originx="140" originy="-680" style="Default" rotation="0" justify="lowerright" flipped="False" hidden="False" data="B2" />
    </sympin>
    <sympin number="9" originx="200" originy="-800" rotation="180" length="100" width="7.8740157480315" flipped="False">
      <text name="pinname" originx="230" originy="-800" style="Default" rotation="0" justify="left" flipped="False" hidden="False" data="VSS_2" />
      <text name="pindes" originx="140" originy="-780" style="Default" rotation="0" justify="lowerright" flipped="False" hidden="False" data="B3" />
    </sympin>
    <sympin number="10" originx="200" originy="-900" rotation="180" length="100" width="7.8740157480315" flipped="False">
      <text name="pinname" originx="230" originy="-900" style="Default" rotation="0" justify="left" flipped="False" hidden="False" data="\DQSU" />
      <text name="pindes" originx="140" originy="-880" style="Default" rotation="0" justify="lowerright" flipped="False" hidden="False" data="B7" />
    </sympin>
    <sympin number="11" originx="200" originy="-1000" rotation="180" length="100" width="7.8740157480315" flipped="False">
      <text name="pinname" originx="230" originy="-1000" style="Default" rotation="0" justify="left" flipped="False" hidden="False" data="DQU6" />
      <text name="pindes" originx="140" originy="-980" style="Default" rotation="0" justify="lowerright" flipped="False" hidden="False" data="B8" />
    </sympin>
    <sympin number="12" originx="200" originy="-1100" rotation="180" length="100" width="7.8740157480315" flipped="False">
      <text name="pinname" originx="230" originy="-1100" style="Default" rotation="0" justify="left" flipped="False" hidden="False" data="VSSQ_2" />
      <text name="pindes" originx="140" originy="-1080" style="Default" rotation="0" justify="lowerright" flipped="False" hidden="False" data="B9" />
    </sympin>
    <sympin number="13" originx="200" originy="-1200" rotation="180" length="100" width="7.8740157480315" flipped="False">
      <text name="pinname" originx="230" originy="-1200" style="Default" rotation="0" justify="left" flipped="False" hidden="False" data="VDDQ_3" />
      <text name="pindes" originx="140" originy="-1180" style="Default" rotation="0" justify="lowerright" flipped="False" hidden="False" data="C1" />
    </sympin>
    <sympin number="14" originx="200" originy="-1300" rotation="180" length="100" width="7.8740157480315" flipped="False">
      <text name="pinname" originx="230" originy="-1300" style="Default" rotation="0" justify="left" flipped="False" hidden="False" data="DQU3" />
      <text name="pindes" originx="140" originy="-1280" style="Default" rotation="0" justify="lowerright" flipped="False" hidden="False" data="C2" />
    </sympin>
    <sympin number="15" originx="200" originy="-1400" rotation="180" length="100" width="7.8740157480315" flipped="False">
      <text name="pinname" originx="230" originy="-1400" style="Default" rotation="0" justify="left" flipped="False" hidden="False" data="DQU1" />
      <text name="pindes" originx="140" originy="-1380" style="Default" rotation="0" justify="lowerright" flipped="False" hidden="False" data="C3" />
    </sympin>
    <sympin number="16" originx="200" originy="-1500" rotation="180" length="100" width="7.8740157480315" flipped="False">
      <text name="pinname" originx="230" originy="-1500" style="Default" rotation="0" justify="left" flipped="False" hidden="False" data="DQSU" />
      <text name="pindes" originx="140" originy="-1480" style="Default" rotation="0" justify="lowerright" flipped="False" hidden="False" data="C7" />
    </sympin>
    <sympin number="17" originx="200" originy="-1600" rotation="180" length="100" width="7.8740157480315" flipped="False">
      <text name="pinname" originx="230" originy="-1600" style="Default" rotation="0" justify="left" flipped="False" hidden="False" data="DQU2" />
      <text name="pindes" originx="140" originy="-1580" style="Default" rotation="0" justify="lowerright" flipped="False" hidden="False" data="C8" />
    </sympin>
    <sympin number="18" originx="200" originy="-1700" rotation="180" length="100" width="7.8740157480315" flipped="False">
      <text name="pinname" originx="230" originy="-1700" style="Default" rotation="0" justify="left" flipped="False" hidden="False" data="VDDQ_4" />
      <text name="pindes" originx="140" originy="-1680" style="Default" rotation="0" justify="lowerright" flipped="False" hidden="False" data="C9" />
    </sympin>
    <sympin number="19" originx="200" originy="-1800" rotation="180" length="100" width="7.8740157480315" flipped="False">
      <text name="pinname" originx="230" originy="-1800" style="Default" rotation="0" justify="left" flipped="False" hidden="False" data="VSSQ_3" />
      <text name="pindes" originx="140" originy="-1780" style="Default" rotation="0" justify="lowerright" flipped="False" hidden="False" data="D1" />
    </sympin>
    <sympin number="20" originx="200" originy="-1900" rotation="180" length="100" width="7.8740157480315" flipped="False">
      <text name="pinname" originx="230" originy="-1900" style="Default" rotation="0" justify="left" flipped="False" hidden="False" data="VDDQ_5" />
      <text name="pindes" originx="140" originy="-1880" style="Default" rotation="0" justify="lowerright" flipped="False" hidden="False" data="D2" />
    </sympin>
    <sympin number="21" originx="200" originy="-2000" rotation="180" length="100" width="7.8740157480315" flipped="False">
      <text name="pinname" originx="230" originy="-2000" style="Default" rotation="0" justify="left" flipped="False" hidden="False" data="DMU" />
      <text name="pindes" originx="140" originy="-1980" style="Default" rotation="0" justify="lowerright" flipped="False" hidden="False" data="D3" />
    </sympin>
    <sympin number="22" originx="200" originy="-2100" rotation="180" length="100" width="7.8740157480315" flipped="False">
      <text name="pinname" originx="230" originy="-2100" style="Default" rotation="0" justify="left" flipped="False" hidden="False" data="DQU0" />
      <text name="pindes" originx="140" originy="-2080" style="Default" rotation="0" justify="lowerright" flipped="False" hidden="False" data="D7" />
    </sympin>
    <sympin number="23" originx="200" originy="-2200" rotation="180" length="100" width="7.8740157480315" flipped="False">
      <text name="pinname" originx="230" originy="-2200" style="Default" rotation="0" justify="left" flipped="False" hidden="False" data="VSSQ_4" />
      <text name="pindes" originx="140" originy="-2180" style="Default" rotation="0" justify="lowerright" flipped="False" hidden="False" data="D8" />
    </sympin>
    <sympin number="24" originx="200" originy="-2300" rotation="180" length="100" width="7.8740157480315" flipped="False">
      <text name="pinname" originx="230" originy="-2300" style="Default" rotation="0" justify="left" flipped="False" hidden="False" data="VDD_2" />
      <text name="pindes" originx="140" originy="-2280" style="Default" rotation="0" justify="lowerright" flipped="False" hidden="False" data="D9" />
    </sympin>
    <sympin number="25" originx="200" originy="-2400" rotation="180" length="100" width="7.8740157480315" flipped="False">
      <text name="pinname" originx="230" originy="-2400" style="Default" rotation="0" justify="left" flipped="False" hidden="False" data="VSS_3" />
      <text name="pindes" originx="140" originy="-2380" style="Default" rotation="0" justify="lowerright" flipped="False" hidden="False" data="E1" />
    </sympin>
    <sympin number="26" originx="200" originy="-2500" rotation="180" length="100" width="7.8740157480315" flipped="False">
      <text name="pinname" originx="230" originy="-2500" style="Default" rotation="0" justify="left" flipped="False" hidden="False" data="VSSQ_5" />
      <text name="pindes" originx="140" originy="-2480" style="Default" rotation="0" justify="lowerright" flipped="False" hidden="False" data="E2" />
    </sympin>
    <sympin number="27" originx="200" originy="-2600" rotation="180" length="100" width="7.8740157480315" flipped="False">
      <text name="pinname" originx="230" originy="-2600" style="Default" rotation="0" justify="left" flipped="False" hidden="False" data="DQL0" />
      <text name="pindes" originx="140" originy="-2580" style="Default" rotation="0" justify="lowerright" flipped="False" hidden="False" data="E3" />
    </sympin>
    <sympin number="28" originx="200" originy="-2700" rotation="180" length="100" width="7.8740157480315" flipped="False">
      <text name="pinname" originx="230" originy="-2700" style="Default" rotation="0" justify="left" flipped="False" hidden="False" data="DML" />
      <text name="pindes" originx="140" originy="-2680" style="Default" rotation="0" justify="lowerright" flipped="False" hidden="False" data="E7" />
    </sympin>
    <sympin number="29" originx="200" originy="-2800" rotation="180" length="100" width="7.8740157480315" flipped="False">
      <text name="pinname" originx="230" originy="-2800" style="Default" rotation="0" justify="left" flipped="False" hidden="False" data="VSSQ_6" />
      <text name="pindes" originx="140" originy="-2780" style="Default" rotation="0" justify="lowerright" flipped="False" hidden="False" data="E8" />
    </sympin>
    <sympin number="30" originx="200" originy="-2900" rotation="180" length="100" width="7.8740157480315" flipped="False">
      <text name="pinname" originx="230" originy="-2900" style="Default" rotation="0" justify="left" flipped="False" hidden="False" data="VDDQ_6" />
      <text name="pindes" originx="140" originy="-2880" style="Default" rotation="0" justify="lowerright" flipped="False" hidden="False" data="E9" />
    </sympin>
    <sympin number="31" originx="200" originy="-3000" rotation="180" length="100" width="7.8740157480315" flipped="False">
      <text name="pinname" originx="230" originy="-3000" style="Default" rotation="0" justify="left" flipped="False" hidden="False" data="VDDQ_7" />
      <text name="pindes" originx="140" originy="-2980" style="Default" rotation="0" justify="lowerright" flipped="False" hidden="False" data="F1" />
    </sympin>
    <sympin number="32" originx="200" originy="-3100" rotation="180" length="100" width="7.8740157480315" flipped="False">
      <text name="pinname" originx="230" originy="-3100" style="Default" rotation="0" justify="left" flipped="False" hidden="False" data="DQL2" />
      <text name="pindes" originx="140" originy="-3080" style="Default" rotation="0" justify="lowerright" flipped="False" hidden="False" data="F2" />
    </sympin>
    <sympin number="33" originx="200" originy="-3200" rotation="180" length="100" width="7.8740157480315" flipped="False">
      <text name="pinname" originx="230" originy="-3200" style="Default" rotation="0" justify="left" flipped="False" hidden="False" data="DQSL" />
      <text name="pindes" originx="140" originy="-3180" style="Default" rotation="0" justify="lowerright" flipped="False" hidden="False" data="F3" />
    </sympin>
    <sympin number="34" originx="200" originy="-3300" rotation="180" length="100" width="7.8740157480315" flipped="False">
      <text name="pinname" originx="230" originy="-3300" style="Default" rotation="0" justify="left" flipped="False" hidden="False" data="DQL1" />
      <text name="pindes" originx="140" originy="-3280" style="Default" rotation="0" justify="lowerright" flipped="False" hidden="False" data="F7" />
    </sympin>
    <sympin number="35" originx="200" originy="-3400" rotation="180" length="100" width="7.8740157480315" flipped="False">
      <text name="pinname" originx="230" originy="-3400" style="Default" rotation="0" justify="left" flipped="False" hidden="False" data="DQL3" />
      <text name="pindes" originx="140" originy="-3380" style="Default" rotation="0" justify="lowerright" flipped="False" hidden="False" data="F8" />
    </sympin>
    <sympin number="36" originx="200" originy="-3500" rotation="180" length="100" width="7.8740157480315" flipped="False">
      <text name="pinname" originx="230" originy="-3500" style="Default" rotation="0" justify="left" flipped="False" hidden="False" data="VSSQ_7" />
      <text name="pindes" originx="140" originy="-3480" style="Default" rotation="0" justify="lowerright" flipped="False" hidden="False" data="F9" />
    </sympin>
    <sympin number="37" originx="200" originy="-3600" rotation="180" length="100" width="7.8740157480315" flipped="False">
      <text name="pinname" originx="230" originy="-3600" style="Default" rotation="0" justify="left" flipped="False" hidden="False" data="VSSQ_8" />
      <text name="pindes" originx="140" originy="-3580" style="Default" rotation="0" justify="lowerright" flipped="False" hidden="False" data="G1" />
    </sympin>
    <sympin number="38" originx="200" originy="-3700" rotation="180" length="100" width="7.8740157480315" flipped="False">
      <text name="pinname" originx="230" originy="-3700" style="Default" rotation="0" justify="left" flipped="False" hidden="False" data="DQL6" />
      <text name="pindes" originx="140" originy="-3680" style="Default" rotation="0" justify="lowerright" flipped="False" hidden="False" data="G2" />
    </sympin>
    <sympin number="39" originx="200" originy="-3800" rotation="180" length="100" width="7.8740157480315" flipped="False">
      <text name="pinname" originx="230" originy="-3800" style="Default" rotation="0" justify="left" flipped="False" hidden="False" data="\DQSL" />
      <text name="pindes" originx="140" originy="-3780" style="Default" rotation="0" justify="lowerright" flipped="False" hidden="False" data="G3" />
    </sympin>
    <sympin number="40" originx="200" originy="-3900" rotation="180" length="100" width="7.8740157480315" flipped="False">
      <text name="pinname" originx="230" originy="-3900" style="Default" rotation="0" justify="left" flipped="False" hidden="False" data="VDD_3" />
      <text name="pindes" originx="140" originy="-3880" style="Default" rotation="0" justify="lowerright" flipped="False" hidden="False" data="G7" />
    </sympin>
    <sympin number="41" originx="200" originy="-4000" rotation="180" length="100" width="7.8740157480315" flipped="False">
      <text name="pinname" originx="230" originy="-4000" style="Default" rotation="0" justify="left" flipped="False" hidden="False" data="VSS_4" />
      <text name="pindes" originx="140" originy="-3980" style="Default" rotation="0" justify="lowerright" flipped="False" hidden="False" data="G8" />
    </sympin>
    <sympin number="42" originx="200" originy="-4100" rotation="180" length="100" width="7.8740157480315" flipped="False">
      <text name="pinname" originx="230" originy="-4100" style="Default" rotation="0" justify="left" flipped="False" hidden="False" data="VSSQ_9" />
      <text name="pindes" originx="140" originy="-4080" style="Default" rotation="0" justify="lowerright" flipped="False" hidden="False" data="G9" />
    </sympin>
    <sympin number="43" originx="200" originy="-4200" rotation="180" length="100" width="7.8740157480315" flipped="False">
      <text name="pinname" originx="230" originy="-4200" style="Default" rotation="0" justify="left" flipped="False" hidden="False" data="VREFDQ" />
      <text name="pindes" originx="140" originy="-4180" style="Default" rotation="0" justify="lowerright" flipped="False" hidden="False" data="H1" />
    </sympin>
    <sympin number="44" originx="200" originy="-4300" rotation="180" length="100" width="7.8740157480315" flipped="False">
      <text name="pinname" originx="230" originy="-4300" style="Default" rotation="0" justify="left" flipped="False" hidden="False" data="VDDQ_8" />
      <text name="pindes" originx="140" originy="-4280" style="Default" rotation="0" justify="lowerright" flipped="False" hidden="False" data="H2" />
    </sympin>
    <sympin number="45" originx="200" originy="-4400" rotation="180" length="100" width="7.8740157480315" flipped="False">
      <text name="pinname" originx="230" originy="-4400" style="Default" rotation="0" justify="left" flipped="False" hidden="False" data="DQL4" />
      <text name="pindes" originx="140" originy="-4380" style="Default" rotation="0" justify="lowerright" flipped="False" hidden="False" data="H3" />
    </sympin>
    <sympin number="46" originx="200" originy="-4500" rotation="180" length="100" width="7.8740157480315" flipped="False">
      <text name="pinname" originx="230" originy="-4500" style="Default" rotation="0" justify="left" flipped="False" hidden="False" data="DQL7" />
      <text name="pindes" originx="140" originy="-4480" style="Default" rotation="0" justify="lowerright" flipped="False" hidden="False" data="H7" />
    </sympin>
    <sympin number="47" originx="200" originy="-4600" rotation="180" length="100" width="7.8740157480315" flipped="False">
      <text name="pinname" originx="230" originy="-4600" style="Default" rotation="0" justify="left" flipped="False" hidden="False" data="DQL5" />
      <text name="pindes" originx="140" originy="-4580" style="Default" rotation="0" justify="lowerright" flipped="False" hidden="False" data="H8" />
    </sympin>
    <sympin number="48" originx="200" originy="-4700" rotation="180" length="100" width="7.8740157480315" flipped="False">
      <text name="pinname" originx="230" originy="-4700" style="Default" rotation="0" justify="left" flipped="False" hidden="False" data="VDDQ_9" />
      <text name="pindes" originx="140" originy="-4680" style="Default" rotation="0" justify="lowerright" flipped="False" hidden="False" data="H9" />
    </sympin>
    <sympin number="49" originx="1200" originy="0" rotation="0" length="100" width="7.8740157480315" flipped="False">
      <text name="pinname" originx="1170" originy="0" style="Default" rotation="0" justify="right" flipped="False" hidden="False" data="NC_1" />
      <text name="pindes" originx="1260" originy="20" style="Default" rotation="0" justify="lowerleft" flipped="False" hidden="False" data="J1" />
    </sympin>
    <sympin number="50" originx="1200" originy="-100" rotation="0" length="100" width="7.8740157480315" flipped="False">
      <text name="pinname" originx="1170" originy="-100" style="Default" rotation="0" justify="right" flipped="False" hidden="False" data="VSS_5" />
      <text name="pindes" originx="1260" originy="-80" style="Default" rotation="0" justify="lowerleft" flipped="False" hidden="False" data="J2" />
    </sympin>
    <sympin number="51" originx="1200" originy="-200" rotation="0" length="100" width="7.8740157480315" flipped="False">
      <text name="pinname" originx="1170" originy="-200" style="Default" rotation="0" justify="right" flipped="False" hidden="False" data="\RAS" />
      <text name="pindes" originx="1260" originy="-180" style="Default" rotation="0" justify="lowerleft" flipped="False" hidden="False" data="J3" />
    </sympin>
    <sympin number="52" originx="1200" originy="-300" rotation="0" length="100" width="7.8740157480315" flipped="False">
      <text name="pinname" originx="1170" originy="-300" style="Default" rotation="0" justify="right" flipped="False" hidden="False" data="CK" />
      <text name="pindes" originx="1260" originy="-280" style="Default" rotation="0" justify="lowerleft" flipped="False" hidden="False" data="J7" />
    </sympin>
    <sympin number="53" originx="1200" originy="-400" rotation="0" length="100" width="7.8740157480315" flipped="False">
      <text name="pinname" originx="1170" originy="-400" style="Default" rotation="0" justify="right" flipped="False" hidden="False" data="VSS_6" />
      <text name="pindes" originx="1260" originy="-380" style="Default" rotation="0" justify="lowerleft" flipped="False" hidden="False" data="J8" />
    </sympin>
    <sympin number="54" originx="1200" originy="-500" rotation="0" length="100" width="7.8740157480315" flipped="False">
      <text name="pinname" originx="1170" originy="-500" style="Default" rotation="0" justify="right" flipped="False" hidden="False" data="NC_2" />
      <text name="pindes" originx="1260" originy="-480" style="Default" rotation="0" justify="lowerleft" flipped="False" hidden="False" data="J9" />
    </sympin>
    <sympin number="55" originx="1200" originy="-600" rotation="0" length="100" width="7.8740157480315" flipped="False">
      <text name="pinname" originx="1170" originy="-600" style="Default" rotation="0" justify="right" flipped="False" hidden="False" data="ODT" />
      <text name="pindes" originx="1260" originy="-580" style="Default" rotation="0" justify="lowerleft" flipped="False" hidden="False" data="K1" />
    </sympin>
    <sympin number="56" originx="1200" originy="-700" rotation="0" length="100" width="7.8740157480315" flipped="False">
      <text name="pinname" originx="1170" originy="-700" style="Default" rotation="0" justify="right" flipped="False" hidden="False" data="VDD_4" />
      <text name="pindes" originx="1260" originy="-680" style="Default" rotation="0" justify="lowerleft" flipped="False" hidden="False" data="K2" />
    </sympin>
    <sympin number="57" originx="1200" originy="-800" rotation="0" length="100" width="7.8740157480315" flipped="False">
      <text name="pinname" originx="1170" originy="-800" style="Default" rotation="0" justify="right" flipped="False" hidden="False" data="\CAS" />
      <text name="pindes" originx="1260" originy="-780" style="Default" rotation="0" justify="lowerleft" flipped="False" hidden="False" data="K3" />
    </sympin>
    <sympin number="58" originx="1200" originy="-900" rotation="0" length="100" width="7.8740157480315" flipped="False">
      <text name="pinname" originx="1170" originy="-900" style="Default" rotation="0" justify="right" flipped="False" hidden="False" data="\CK" />
      <text name="pindes" originx="1260" originy="-880" style="Default" rotation="0" justify="lowerleft" flipped="False" hidden="False" data="K7" />
    </sympin>
    <sympin number="59" originx="1200" originy="-1000" rotation="0" length="100" width="7.8740157480315" flipped="False">
      <text name="pinname" originx="1170" originy="-1000" style="Default" rotation="0" justify="right" flipped="False" hidden="False" data="VDD_5" />
      <text name="pindes" originx="1260" originy="-980" style="Default" rotation="0" justify="lowerleft" flipped="False" hidden="False" data="K8" />
    </sympin>
    <sympin number="60" originx="1200" originy="-1100" rotation="0" length="100" width="7.8740157480315" flipped="False">
      <text name="pinname" originx="1170" originy="-1100" style="Default" rotation="0" justify="right" flipped="False" hidden="False" data="CKE" />
      <text name="pindes" originx="1260" originy="-1080" style="Default" rotation="0" justify="lowerleft" flipped="False" hidden="False" data="K9" />
    </sympin>
    <sympin number="61" originx="1200" originy="-1200" rotation="0" length="100" width="7.8740157480315" flipped="False">
      <text name="pinname" originx="1170" originy="-1200" style="Default" rotation="0" justify="right" flipped="False" hidden="False" data="NC_3" />
      <text name="pindes" originx="1260" originy="-1180" style="Default" rotation="0" justify="lowerleft" flipped="False" hidden="False" data="L1" />
    </sympin>
    <sympin number="62" originx="1200" originy="-1300" rotation="0" length="100" width="7.8740157480315" flipped="False">
      <text name="pinname" originx="1170" originy="-1300" style="Default" rotation="0" justify="right" flipped="False" hidden="False" data="\CS" />
      <text name="pindes" originx="1260" originy="-1280" style="Default" rotation="0" justify="lowerleft" flipped="False" hidden="False" data="L2" />
    </sympin>
    <sympin number="63" originx="1200" originy="-1400" rotation="0" length="100" width="7.8740157480315" flipped="False">
      <text name="pinname" originx="1170" originy="-1400" style="Default" rotation="0" justify="right" flipped="False" hidden="False" data="\WE" />
      <text name="pindes" originx="1260" originy="-1380" style="Default" rotation="0" justify="lowerleft" flipped="False" hidden="False" data="L3" />
    </sympin>
    <sympin number="64" originx="1200" originy="-1500" rotation="0" length="100" width="7.8740157480315" flipped="False">
      <text name="pinname" originx="1170" originy="-1500" style="Default" rotation="0" justify="right" flipped="False" hidden="False" data="A10(AP)" />
      <text name="pindes" originx="1260" originy="-1480" style="Default" rotation="0" justify="lowerleft" flipped="False" hidden="False" data="L7" />
    </sympin>
    <sympin number="65" originx="1200" originy="-1600" rotation="0" length="100" width="7.8740157480315" flipped="False">
      <text name="pinname" originx="1170" originy="-1600" style="Default" rotation="0" justify="right" flipped="False" hidden="False" data="ZQ" />
      <text name="pindes" originx="1260" originy="-1580" style="Default" rotation="0" justify="lowerleft" flipped="False" hidden="False" data="L8" />
    </sympin>
    <sympin number="66" originx="1200" originy="-1700" rotation="0" length="100" width="7.8740157480315" flipped="False">
      <text name="pinname" originx="1170" originy="-1700" style="Default" rotation="0" justify="right" flipped="False" hidden="False" data="NC_4" />
      <text name="pindes" originx="1260" originy="-1680" style="Default" rotation="0" justify="lowerleft" flipped="False" hidden="False" data="L9" />
    </sympin>
    <sympin number="67" originx="1200" originy="-1800" rotation="0" length="100" width="7.8740157480315" flipped="False">
      <text name="pinname" originx="1170" originy="-1800" style="Default" rotation="0" justify="right" flipped="False" hidden="False" data="VSS_7" />
      <text name="pindes" originx="1260" originy="-1780" style="Default" rotation="0" justify="lowerleft" flipped="False" hidden="False" data="M1" />
    </sympin>
    <sympin number="68" originx="1200" originy="-1900" rotation="0" length="100" width="7.8740157480315" flipped="False">
      <text name="pinname" originx="1170" originy="-1900" style="Default" rotation="0" justify="right" flipped="False" hidden="False" data="BA0" />
      <text name="pindes" originx="1260" originy="-1880" style="Default" rotation="0" justify="lowerleft" flipped="False" hidden="False" data="M2" />
    </sympin>
    <sympin number="69" originx="1200" originy="-2000" rotation="0" length="100" width="7.8740157480315" flipped="False">
      <text name="pinname" originx="1170" originy="-2000" style="Default" rotation="0" justify="right" flipped="False" hidden="False" data="BA2" />
      <text name="pindes" originx="1260" originy="-1980" style="Default" rotation="0" justify="lowerleft" flipped="False" hidden="False" data="M3" />
    </sympin>
    <sympin number="70" originx="1200" originy="-2100" rotation="0" length="100" width="7.8740157480315" flipped="False">
      <text name="pinname" originx="1170" originy="-2100" style="Default" rotation="0" justify="right" flipped="False" hidden="False" data="NC_5" />
      <text name="pindes" originx="1260" originy="-2080" style="Default" rotation="0" justify="lowerleft" flipped="False" hidden="False" data="M7" />
    </sympin>
    <sympin number="71" originx="1200" originy="-2200" rotation="0" length="100" width="7.8740157480315" flipped="False">
      <text name="pinname" originx="1170" originy="-2200" style="Default" rotation="0" justify="right" flipped="False" hidden="False" data="VREFCA" />
      <text name="pindes" originx="1260" originy="-2180" style="Default" rotation="0" justify="lowerleft" flipped="False" hidden="False" data="M8" />
    </sympin>
    <sympin number="72" originx="1200" originy="-2300" rotation="0" length="100" width="7.8740157480315" flipped="False">
      <text name="pinname" originx="1170" originy="-2300" style="Default" rotation="0" justify="right" flipped="False" hidden="False" data="VSS_8" />
      <text name="pindes" originx="1260" originy="-2280" style="Default" rotation="0" justify="lowerleft" flipped="False" hidden="False" data="M9" />
    </sympin>
    <sympin number="73" originx="1200" originy="-2400" rotation="0" length="100" width="7.8740157480315" flipped="False">
      <text name="pinname" originx="1170" originy="-2400" style="Default" rotation="0" justify="right" flipped="False" hidden="False" data="VDD_6" />
      <text name="pindes" originx="1260" originy="-2380" style="Default" rotation="0" justify="lowerleft" flipped="False" hidden="False" data="N1" />
    </sympin>
    <sympin number="74" originx="1200" originy="-2500" rotation="0" length="100" width="7.8740157480315" flipped="False">
      <text name="pinname" originx="1170" originy="-2500" style="Default" rotation="0" justify="right" flipped="False" hidden="False" data="A3" />
      <text name="pindes" originx="1260" originy="-2480" style="Default" rotation="0" justify="lowerleft" flipped="False" hidden="False" data="N2" />
    </sympin>
    <sympin number="75" originx="1200" originy="-2600" rotation="0" length="100" width="7.8740157480315" flipped="False">
      <text name="pinname" originx="1170" originy="-2600" style="Default" rotation="0" justify="right" flipped="False" hidden="False" data="A0" />
      <text name="pindes" originx="1260" originy="-2580" style="Default" rotation="0" justify="lowerleft" flipped="False" hidden="False" data="N3" />
    </sympin>
    <sympin number="76" originx="1200" originy="-2700" rotation="0" length="100" width="7.8740157480315" flipped="False">
      <text name="pinname" originx="1170" originy="-2700" style="Default" rotation="0" justify="right" flipped="False" hidden="False" data="A12(\BC)" />
      <text name="pindes" originx="1260" originy="-2680" style="Default" rotation="0" justify="lowerleft" flipped="False" hidden="False" data="N7" />
    </sympin>
    <sympin number="77" originx="1200" originy="-2800" rotation="0" length="100" width="7.8740157480315" flipped="False">
      <text name="pinname" originx="1170" originy="-2800" style="Default" rotation="0" justify="right" flipped="False" hidden="False" data="BA1" />
      <text name="pindes" originx="1260" originy="-2780" style="Default" rotation="0" justify="lowerleft" flipped="False" hidden="False" data="N8" />
    </sympin>
    <sympin number="78" originx="1200" originy="-2900" rotation="0" length="100" width="7.8740157480315" flipped="False">
      <text name="pinname" originx="1170" originy="-2900" style="Default" rotation="0" justify="right" flipped="False" hidden="False" data="VDD_7" />
      <text name="pindes" originx="1260" originy="-2880" style="Default" rotation="0" justify="lowerleft" flipped="False" hidden="False" data="N9" />
    </sympin>
    <sympin number="79" originx="1200" originy="-3000" rotation="0" length="100" width="7.8740157480315" flipped="False">
      <text name="pinname" originx="1170" originy="-3000" style="Default" rotation="0" justify="right" flipped="False" hidden="False" data="VSS_9" />
      <text name="pindes" originx="1260" originy="-2980" style="Default" rotation="0" justify="lowerleft" flipped="False" hidden="False" data="P1" />
    </sympin>
    <sympin number="80" originx="1200" originy="-3100" rotation="0" length="100" width="7.8740157480315" flipped="False">
      <text name="pinname" originx="1170" originy="-3100" style="Default" rotation="0" justify="right" flipped="False" hidden="False" data="A5" />
      <text name="pindes" originx="1260" originy="-3080" style="Default" rotation="0" justify="lowerleft" flipped="False" hidden="False" data="P2" />
    </sympin>
    <sympin number="81" originx="1200" originy="-3200" rotation="0" length="100" width="7.8740157480315" flipped="False">
      <text name="pinname" originx="1170" originy="-3200" style="Default" rotation="0" justify="right" flipped="False" hidden="False" data="A2" />
      <text name="pindes" originx="1260" originy="-3180" style="Default" rotation="0" justify="lowerleft" flipped="False" hidden="False" data="P3" />
    </sympin>
    <sympin number="82" originx="1200" originy="-3300" rotation="0" length="100" width="7.8740157480315" flipped="False">
      <text name="pinname" originx="1170" originy="-3300" style="Default" rotation="0" justify="right" flipped="False" hidden="False" data="A1" />
      <text name="pindes" originx="1260" originy="-3280" style="Default" rotation="0" justify="lowerleft" flipped="False" hidden="False" data="P7" />
    </sympin>
    <sympin number="83" originx="1200" originy="-3400" rotation="0" length="100" width="7.8740157480315" flipped="False">
      <text name="pinname" originx="1170" originy="-3400" style="Default" rotation="0" justify="right" flipped="False" hidden="False" data="A4" />
      <text name="pindes" originx="1260" originy="-3380" style="Default" rotation="0" justify="lowerleft" flipped="False" hidden="False" data="P8" />
    </sympin>
    <sympin number="84" originx="1200" originy="-3500" rotation="0" length="100" width="7.8740157480315" flipped="False">
      <text name="pinname" originx="1170" originy="-3500" style="Default" rotation="0" justify="right" flipped="False" hidden="False" data="VSS_10" />
      <text name="pindes" originx="1260" originy="-3480" style="Default" rotation="0" justify="lowerleft" flipped="False" hidden="False" data="P9" />
    </sympin>
    <sympin number="85" originx="1200" originy="-3600" rotation="0" length="100" width="7.8740157480315" flipped="False">
      <text name="pinname" originx="1170" originy="-3600" style="Default" rotation="0" justify="right" flipped="False" hidden="False" data="VDD_8" />
      <text name="pindes" originx="1260" originy="-3580" style="Default" rotation="0" justify="lowerleft" flipped="False" hidden="False" data="R1" />
    </sympin>
    <sympin number="86" originx="1200" originy="-3700" rotation="0" length="100" width="7.8740157480315" flipped="False">
      <text name="pinname" originx="1170" originy="-3700" style="Default" rotation="0" justify="right" flipped="False" hidden="False" data="A7" />
      <text name="pindes" originx="1260" originy="-3680" style="Default" rotation="0" justify="lowerleft" flipped="False" hidden="False" data="R2" />
    </sympin>
    <sympin number="87" originx="1200" originy="-3800" rotation="0" length="100" width="7.8740157480315" flipped="False">
      <text name="pinname" originx="1170" originy="-3800" style="Default" rotation="0" justify="right" flipped="False" hidden="False" data="A9" />
      <text name="pindes" originx="1260" originy="-3780" style="Default" rotation="0" justify="lowerleft" flipped="False" hidden="False" data="R3" />
    </sympin>
    <sympin number="88" originx="1200" originy="-3900" rotation="0" length="100" width="7.8740157480315" flipped="False">
      <text name="pinname" originx="1170" originy="-3900" style="Default" rotation="0" justify="right" flipped="False" hidden="False" data="A11" />
      <text name="pindes" originx="1260" originy="-3880" style="Default" rotation="0" justify="lowerleft" flipped="False" hidden="False" data="R7" />
    </sympin>
    <sympin number="89" originx="1200" originy="-4000" rotation="0" length="100" width="7.8740157480315" flipped="False">
      <text name="pinname" originx="1170" originy="-4000" style="Default" rotation="0" justify="right" flipped="False" hidden="False" data="A6" />
      <text name="pindes" originx="1260" originy="-3980" style="Default" rotation="0" justify="lowerleft" flipped="False" hidden="False" data="R8" />
    </sympin>
    <sympin number="90" originx="1200" originy="-4100" rotation="0" length="100" width="7.8740157480315" flipped="False">
      <text name="pinname" originx="1170" originy="-4100" style="Default" rotation="0" justify="right" flipped="False" hidden="False" data="VDD_9" />
      <text name="pindes" originx="1260" originy="-4080" style="Default" rotation="0" justify="lowerleft" flipped="False" hidden="False" data="R9" />
    </sympin>
    <sympin number="91" originx="1200" originy="-4200" rotation="0" length="100" width="7.8740157480315" flipped="False">
      <text name="pinname" originx="1170" originy="-4200" style="Default" rotation="0" justify="right" flipped="False" hidden="False" data="VSS_11" />
      <text name="pindes" originx="1260" originy="-4180" style="Default" rotation="0" justify="lowerleft" flipped="False" hidden="False" data="T1" />
    </sympin>
    <sympin number="92" originx="1200" originy="-4300" rotation="0" length="100" width="7.8740157480315" flipped="False">
      <text name="pinname" originx="1170" originy="-4300" style="Default" rotation="0" justify="right" flipped="False" hidden="False" data="\RESET" />
      <text name="pindes" originx="1260" originy="-4280" style="Default" rotation="0" justify="lowerleft" flipped="False" hidden="False" data="T2" />
    </sympin>
    <sympin number="93" originx="1200" originy="-4400" rotation="0" length="100" width="7.8740157480315" flipped="False">
      <text name="pinname" originx="1170" originy="-4400" style="Default" rotation="0" justify="right" flipped="False" hidden="False" data="A13" />
      <text name="pindes" originx="1260" originy="-4380" style="Default" rotation="0" justify="lowerleft" flipped="False" hidden="False" data="T3" />
    </sympin>
    <sympin number="94" originx="1200" originy="-4500" rotation="0" length="100" width="7.8740157480315" flipped="False">
      <text name="pinname" originx="1170" originy="-4500" style="Default" rotation="0" justify="right" flipped="False" hidden="False" data="A14" />
      <text name="pindes" originx="1260" originy="-4480" style="Default" rotation="0" justify="lowerleft" flipped="False" hidden="False" data="T7" />
    </sympin>
    <sympin number="95" originx="1200" originy="-4600" rotation="0" length="100" width="7.8740157480315" flipped="False">
      <text name="pinname" originx="1170" originy="-4600" style="Default" rotation="0" justify="right" flipped="False" hidden="False" data="A8" />
      <text name="pindes" originx="1260" originy="-4580" style="Default" rotation="0" justify="lowerleft" flipped="False" hidden="False" data="T8" />
    </sympin>
    <sympin number="96" originx="1200" originy="-4700" rotation="0" length="100" width="7.8740157480315" flipped="False">
      <text name="pinname" originx="1170" originy="-4700" style="Default" rotation="0" justify="right" flipped="False" hidden="False" data="VSS_12" />
      <text name="pindes" originx="1260" originy="-4680" style="Default" rotation="0" justify="lowerleft" flipped="False" hidden="False" data="T9" />
    </sympin>
  </symbol>
  <component name="D2516ECMDXGJD-U" designatorprefix="IC" height="47.244094488188" footprint="BGA96C80P9X16_750X1350X120">
    <comppin designator="A1" sympin="1" pinswap="0" gateswap="0" gate="1" group="1" side="" type="Any" name="VDDQ_1" />
    <comppin designator="A2" sympin="2" pinswap="0" gateswap="0" gate="1" group="1" side="" type="Any" name="DQU5" />
    <comppin designator="A3" sympin="3" pinswap="0" gateswap="0" gate="1" group="1" side="" type="Any" name="DQU7" />
    <comppin designator="A7" sympin="4" pinswap="0" gateswap="0" gate="1" group="1" side="" type="Any" name="DQU4" />
    <comppin designator="A8" sympin="5" pinswap="0" gateswap="0" gate="1" group="1" side="" type="Any" name="VDDQ_2" />
    <comppin designator="A9" sympin="6" pinswap="0" gateswap="0" gate="1" group="1" side="" type="Any" name="VSS_1" />
    <comppin designator="B1" sympin="7" pinswap="0" gateswap="0" gate="1" group="1" side="" type="Any" name="VSSQ_1" />
    <comppin designator="B2" sympin="8" pinswap="0" gateswap="0" gate="1" group="1" side="" type="Any" name="VDD_1" />
    <comppin designator="B3" sympin="9" pinswap="0" gateswap="0" gate="1" group="1" side="" type="Any" name="VSS_2" />
    <comppin designator="B7" sympin="10" pinswap="0" gateswap="0" gate="1" group="1" side="" type="Any" name="|DQSU" />
    <comppin designator="B8" sympin="11" pinswap="0" gateswap="0" gate="1" group="1" side="" type="Any" name="DQU6" />
    <comppin designator="B9" sympin="12" pinswap="0" gateswap="0" gate="1" group="1" side="" type="Any" name="VSSQ_2" />
    <comppin designator="C1" sympin="13" pinswap="0" gateswap="0" gate="1" group="1" side="" type="Any" name="VDDQ_3" />
    <comppin designator="C2" sympin="14" pinswap="0" gateswap="0" gate="1" group="1" side="" type="Any" name="DQU3" />
    <comppin designator="C3" sympin="15" pinswap="0" gateswap="0" gate="1" group="1" side="" type="Any" name="DQU1" />
    <comppin designator="C7" sympin="16" pinswap="0" gateswap="0" gate="1" group="1" side="" type="Any" name="DQSU" />
    <comppin designator="C8" sympin="17" pinswap="0" gateswap="0" gate="1" group="1" side="" type="Any" name="DQU2" />
    <comppin designator="C9" sympin="18" pinswap="0" gateswap="0" gate="1" group="1" side="" type="Any" name="VDDQ_4" />
    <comppin designator="D1" sympin="19" pinswap="0" gateswap="0" gate="1" group="1" side="" type="Any" name="VSSQ_3" />
    <comppin designator="D2" sympin="20" pinswap="0" gateswap="0" gate="1" group="1" side="" type="Any" name="VDDQ_5" />
    <comppin designator="D3" sympin="21" pinswap="0" gateswap="0" gate="1" group="1" side="" type="Any" name="DMU" />
    <comppin designator="D7" sympin="22" pinswap="0" gateswap="0" gate="1" group="1" side="" type="Any" name="DQU0" />
    <comppin designator="D8" sympin="23" pinswap="0" gateswap="0" gate="1" group="1" side="" type="Any" name="VSSQ_4" />
    <comppin designator="D9" sympin="24" pinswap="0" gateswap="0" gate="1" group="1" side="" type="Any" name="VDD_2" />
    <comppin designator="E1" sympin="25" pinswap="0" gateswap="0" gate="1" group="1" side="" type="Any" name="VSS_3" />
    <comppin designator="E2" sympin="26" pinswap="0" gateswap="0" gate="1" group="1" side="" type="Any" name="VSSQ_5" />
    <comppin designator="E3" sympin="27" pinswap="0" gateswap="0" gate="1" group="1" side="" type="Any" name="DQL0" />
    <comppin designator="E7" sympin="28" pinswap="0" gateswap="0" gate="1" group="1" side="" type="Any" name="DML" />
    <comppin designator="E8" sympin="29" pinswap="0" gateswap="0" gate="1" group="1" side="" type="Any" name="VSSQ_6" />
    <comppin designator="E9" sympin="30" pinswap="0" gateswap="0" gate="1" group="1" side="" type="Any" name="VDDQ_6" />
    <comppin designator="F1" sympin="31" pinswap="0" gateswap="0" gate="1" group="1" side="" type="Any" name="VDDQ_7" />
    <comppin designator="F2" sympin="32" pinswap="0" gateswap="0" gate="1" group="1" side="" type="Any" name="DQL2" />
    <comppin designator="F3" sympin="33" pinswap="0" gateswap="0" gate="1" group="1" side="" type="Any" name="DQSL" />
    <comppin designator="F7" sympin="34" pinswap="0" gateswap="0" gate="1" group="1" side="" type="Any" name="DQL1" />
    <comppin designator="F8" sympin="35" pinswap="0" gateswap="0" gate="1" group="1" side="" type="Any" name="DQL3" />
    <comppin designator="F9" sympin="36" pinswap="0" gateswap="0" gate="1" group="1" side="" type="Any" name="VSSQ_7" />
    <comppin designator="G1" sympin="37" pinswap="0" gateswap="0" gate="1" group="1" side="" type="Any" name="VSSQ_8" />
    <comppin designator="G2" sympin="38" pinswap="0" gateswap="0" gate="1" group="1" side="" type="Any" name="DQL6" />
    <comppin designator="G3" sympin="39" pinswap="0" gateswap="0" gate="1" group="1" side="" type="Any" name="|DQSL" />
    <comppin designator="G7" sympin="40" pinswap="0" gateswap="0" gate="1" group="1" side="" type="Any" name="VDD_3" />
    <comppin designator="G8" sympin="41" pinswap="0" gateswap="0" gate="1" group="1" side="" type="Any" name="VSS_4" />
    <comppin designator="G9" sympin="42" pinswap="0" gateswap="0" gate="1" group="1" side="" type="Any" name="VSSQ_9" />
    <comppin designator="H1" sympin="43" pinswap="0" gateswap="0" gate="1" group="1" side="" type="Any" name="VREFDQ" />
    <comppin designator="H2" sympin="44" pinswap="0" gateswap="0" gate="1" group="1" side="" type="Any" name="VDDQ_8" />
    <comppin designator="H3" sympin="45" pinswap="0" gateswap="0" gate="1" group="1" side="" type="Any" name="DQL4" />
    <comppin designator="H7" sympin="46" pinswap="0" gateswap="0" gate="1" group="1" side="" type="Any" name="DQL7" />
    <comppin designator="H8" sympin="47" pinswap="0" gateswap="0" gate="1" group="1" side="" type="Any" name="DQL5" />
    <comppin designator="H9" sympin="48" pinswap="0" gateswap="0" gate="1" group="1" side="" type="Any" name="VDDQ_9" />
    <comppin designator="J1" sympin="49" pinswap="0" gateswap="0" gate="1" group="1" side="" type="Any" name="NC_1" />
    <comppin designator="J2" sympin="50" pinswap="0" gateswap="0" gate="1" group="1" side="" type="Any" name="VSS_5" />
    <comppin designator="J3" sympin="51" pinswap="0" gateswap="0" gate="1" group="1" side="" type="Any" name="|RAS" />
    <comppin designator="J7" sympin="52" pinswap="0" gateswap="0" gate="1" group="1" side="" type="Any" name="CK" />
    <comppin designator="J8" sympin="53" pinswap="0" gateswap="0" gate="1" group="1" side="" type="Any" name="VSS_6" />
    <comppin designator="J9" sympin="54" pinswap="0" gateswap="0" gate="1" group="1" side="" type="Any" name="NC_2" />
    <comppin designator="K1" sympin="55" pinswap="0" gateswap="0" gate="1" group="1" side="" type="Any" name="ODT" />
    <comppin designator="K2" sympin="56" pinswap="0" gateswap="0" gate="1" group="1" side="" type="Any" name="VDD_4" />
    <comppin designator="K3" sympin="57" pinswap="0" gateswap="0" gate="1" group="1" side="" type="Any" name="|CAS" />
    <comppin designator="K7" sympin="58" pinswap="0" gateswap="0" gate="1" group="1" side="" type="Any" name="|CK" />
    <comppin designator="K8" sympin="59" pinswap="0" gateswap="0" gate="1" group="1" side="" type="Any" name="VDD_5" />
    <comppin designator="K9" sympin="60" pinswap="0" gateswap="0" gate="1" group="1" side="" type="Any" name="CKE" />
    <comppin designator="L1" sympin="61" pinswap="0" gateswap="0" gate="1" group="1" side="" type="Any" name="NC_3" />
    <comppin designator="L2" sympin="62" pinswap="0" gateswap="0" gate="1" group="1" side="" type="Any" name="|CS" />
    <comppin designator="L3" sympin="63" pinswap="0" gateswap="0" gate="1" group="1" side="" type="Any" name="|WE" />
    <comppin designator="L7" sympin="64" pinswap="0" gateswap="0" gate="1" group="1" side="" type="Any" name="A10(AP)" />
    <comppin designator="L8" sympin="65" pinswap="0" gateswap="0" gate="1" group="1" side="" type="Any" name="ZQ" />
    <comppin designator="L9" sympin="66" pinswap="0" gateswap="0" gate="1" group="1" side="" type="Any" name="NC_4" />
    <comppin designator="M1" sympin="67" pinswap="0" gateswap="0" gate="1" group="1" side="" type="Any" name="VSS_7" />
    <comppin designator="M2" sympin="68" pinswap="0" gateswap="0" gate="1" group="1" side="" type="Any" name="BA0" />
    <comppin designator="M3" sympin="69" pinswap="0" gateswap="0" gate="1" group="1" side="" type="Any" name="BA2" />
    <comppin designator="M7" sympin="70" pinswap="0" gateswap="0" gate="1" group="1" side="" type="Any" name="NC_5" />
    <comppin designator="M8" sympin="71" pinswap="0" gateswap="0" gate="1" group="1" side="" type="Any" name="VREFCA" />
    <comppin designator="M9" sympin="72" pinswap="0" gateswap="0" gate="1" group="1" side="" type="Any" name="VSS_8" />
    <comppin designator="N1" sympin="73" pinswap="0" gateswap="0" gate="1" group="1" side="" type="Any" name="VDD_6" />
    <comppin designator="N2" sympin="74" pinswap="0" gateswap="0" gate="1" group="1" side="" type="Any" name="A3" />
    <comppin designator="N3" sympin="75" pinswap="0" gateswap="0" gate="1" group="1" side="" type="Any" name="A0" />
    <comppin designator="N7" sympin="76" pinswap="0" gateswap="0" gate="1" group="1" side="" type="Any" name="A12(|BC)" />
    <comppin designator="N8" sympin="77" pinswap="0" gateswap="0" gate="1" group="1" side="" type="Any" name="BA1" />
    <comppin designator="N9" sympin="78" pinswap="0" gateswap="0" gate="1" group="1" side="" type="Any" name="VDD_7" />
    <comppin designator="P1" sympin="79" pinswap="0" gateswap="0" gate="1" group="1" side="" type="Any" name="VSS_9" />
    <comppin designator="P2" sympin="80" pinswap="0" gateswap="0" gate="1" group="1" side="" type="Any" name="A5" />
    <comppin designator="P3" sympin="81" pinswap="0" gateswap="0" gate="1" group="1" side="" type="Any" name="A2" />
    <comppin designator="P7" sympin="82" pinswap="0" gateswap="0" gate="1" group="1" side="" type="Any" name="A1" />
    <comppin designator="P8" sympin="83" pinswap="0" gateswap="0" gate="1" group="1" side="" type="Any" name="A4" />
    <comppin designator="P9" sympin="84" pinswap="0" gateswap="0" gate="1" group="1" side="" type="Any" name="VSS_10" />
    <comppin designator="R1" sympin="85" pinswap="0" gateswap="0" gate="1" group="1" side="" type="Any" name="VDD_8" />
    <comppin designator="R2" sympin="86" pinswap="0" gateswap="0" gate="1" group="1" side="" type="Any" name="A7" />
    <comppin designator="R3" sympin="87" pinswap="0" gateswap="0" gate="1" group="1" side="" type="Any" name="A9" />
    <comppin designator="R7" sympin="88" pinswap="0" gateswap="0" gate="1" group="1" side="" type="Any" name="A11" />
    <comppin designator="R8" sympin="89" pinswap="0" gateswap="0" gate="1" group="1" side="" type="Any" name="A6" />
    <comppin designator="R9" sympin="90" pinswap="0" gateswap="0" gate="1" group="1" side="" type="Any" name="VDD_9" />
    <comppin designator="T1" sympin="91" pinswap="0" gateswap="0" gate="1" group="1" side="" type="Any" name="VSS_11" />
    <comppin designator="T2" sympin="92" pinswap="0" gateswap="0" gate="1" group="1" side="" type="Any" name="|RESET" />
    <comppin designator="T3" sympin="93" pinswap="0" gateswap="0" gate="1" group="1" side="" type="Any" name="A13" />
    <comppin designator="T7" sympin="94" pinswap="0" gateswap="0" gate="1" group="1" side="" type="Any" name="A14" />
    <comppin designator="T8" sympin="95" pinswap="0" gateswap="0" gate="1" group="1" side="" type="Any" name="A8" />
    <comppin designator="T9" sympin="96" pinswap="0" gateswap="0" gate="1" group="1" side="" type="Any" name="VSS_12" />
    <attached_symbol gate="1" name="D2516ECMDXGJD-U" />
    <pinmap designator="A1" footprintpin="1" />
    <pinmap designator="A2" footprintpin="2" />
    <pinmap designator="A3" footprintpin="3" />
    <pinmap designator="A7" footprintpin="4" />
    <pinmap designator="A8" footprintpin="5" />
    <pinmap designator="A9" footprintpin="6" />
    <pinmap designator="B1" footprintpin="7" />
    <pinmap designator="B2" footprintpin="8" />
    <pinmap designator="B3" footprintpin="9" />
    <pinmap designator="B7" footprintpin="10" />
    <pinmap designator="B8" footprintpin="11" />
    <pinmap designator="B9" footprintpin="12" />
    <pinmap designator="C1" footprintpin="13" />
    <pinmap designator="C2" footprintpin="14" />
    <pinmap designator="C3" footprintpin="15" />
    <pinmap designator="C7" footprintpin="16" />
    <pinmap designator="C8" footprintpin="17" />
    <pinmap designator="C9" footprintpin="18" />
    <pinmap designator="D1" footprintpin="19" />
    <pinmap designator="D2" footprintpin="20" />
    <pinmap designator="D3" footprintpin="21" />
    <pinmap designator="D7" footprintpin="22" />
    <pinmap designator="D8" footprintpin="23" />
    <pinmap designator="D9" footprintpin="24" />
    <pinmap designator="E1" footprintpin="25" />
    <pinmap designator="E2" footprintpin="26" />
    <pinmap designator="E3" footprintpin="27" />
    <pinmap designator="E7" footprintpin="28" />
    <pinmap designator="E8" footprintpin="29" />
    <pinmap designator="E9" footprintpin="30" />
    <pinmap designator="F1" footprintpin="31" />
    <pinmap designator="F2" footprintpin="32" />
    <pinmap designator="F3" footprintpin="33" />
    <pinmap designator="F7" footprintpin="34" />
    <pinmap designator="F8" footprintpin="35" />
    <pinmap designator="F9" footprintpin="36" />
    <pinmap designator="G1" footprintpin="37" />
    <pinmap designator="G2" footprintpin="38" />
    <pinmap designator="G3" footprintpin="39" />
    <pinmap designator="G7" footprintpin="40" />
    <pinmap designator="G8" footprintpin="41" />
    <pinmap designator="G9" footprintpin="42" />
    <pinmap designator="H1" footprintpin="43" />
    <pinmap designator="H2" footprintpin="44" />
    <pinmap designator="H3" footprintpin="45" />
    <pinmap designator="H7" footprintpin="46" />
    <pinmap designator="H8" footprintpin="47" />
    <pinmap designator="H9" footprintpin="48" />
    <pinmap designator="J1" footprintpin="49" />
    <pinmap designator="J2" footprintpin="50" />
    <pinmap designator="J3" footprintpin="51" />
    <pinmap designator="J7" footprintpin="52" />
    <pinmap designator="J8" footprintpin="53" />
    <pinmap designator="J9" footprintpin="54" />
    <pinmap designator="K1" footprintpin="55" />
    <pinmap designator="K2" footprintpin="56" />
    <pinmap designator="K3" footprintpin="57" />
    <pinmap designator="K7" footprintpin="58" />
    <pinmap designator="K8" footprintpin="59" />
    <pinmap designator="K9" footprintpin="60" />
    <pinmap designator="L1" footprintpin="61" />
    <pinmap designator="L2" footprintpin="62" />
    <pinmap designator="L3" footprintpin="63" />
    <pinmap designator="L7" footprintpin="64" />
    <pinmap designator="L8" footprintpin="65" />
    <pinmap designator="L9" footprintpin="66" />
    <pinmap designator="M1" footprintpin="67" />
    <pinmap designator="M2" footprintpin="68" />
    <pinmap designator="M3" footprintpin="69" />
    <pinmap designator="M7" footprintpin="70" />
    <pinmap designator="M8" footprintpin="71" />
    <pinmap designator="M9" footprintpin="72" />
    <pinmap designator="N1" footprintpin="73" />
    <pinmap designator="N2" footprintpin="74" />
    <pinmap designator="N3" footprintpin="75" />
    <pinmap designator="N7" footprintpin="76" />
    <pinmap designator="N8" footprintpin="77" />
    <pinmap designator="N9" footprintpin="78" />
    <pinmap designator="P1" footprintpin="79" />
    <pinmap designator="P2" footprintpin="80" />
    <pinmap designator="P3" footprintpin="81" />
    <pinmap designator="P7" footprintpin="82" />
    <pinmap designator="P8" footprintpin="83" />
    <pinmap designator="P9" footprintpin="84" />
    <pinmap designator="R1" footprintpin="85" />
    <pinmap designator="R2" footprintpin="86" />
    <pinmap designator="R3" footprintpin="87" />
    <pinmap designator="R7" footprintpin="88" />
    <pinmap designator="R8" footprintpin="89" />
    <pinmap designator="R9" footprintpin="90" />
    <pinmap designator="T1" footprintpin="91" />
    <pinmap designator="T2" footprintpin="92" />
    <pinmap designator="T3" footprintpin="93" />
    <pinmap designator="T7" footprintpin="94" />
    <pinmap designator="T8" footprintpin="95" />
    <pinmap designator="T9" footprintpin="96" />
    <text name="Datasheet" originx="0" originy="0" style="Default" rotation="0" justify="" flipped="False" hidden="True" data="http://www1.futureelectronics.com/doc/Kingston/D2516ECMDXGnnnn-UCommercial&amp;Industrial.pdf" />
    <text name="Description" originx="0" originy="0" style="Default" rotation="0" justify="" flipped="False" hidden="True" data="DRAM Chip DDR3L SDRAM 4Gbit 256Mx16 1.35V 96-Pin FBGA" />
    <text name="Mouser Part Number" originx="0" originy="0" style="Default" rotation="0" justify="" flipped="False" hidden="True" data="524-D2516ECMDXGJD-U" />
    <text name="Mouser Price/Stock" originx="0" originy="0" style="Default" rotation="0" justify="" flipped="False" hidden="True" data="https://www.mouser.co.uk/ProductDetail/Kingston/D2516ECMDXGJD-U?qs=4ASt3YYao0WTGIHGQ6vFXA%3D%3D" />
    <text name="Manufacturer_Name" originx="0" originy="0" style="Default" rotation="0" justify="" flipped="False" hidden="True" data="Kingston Technology" />
    <text name="Manufacturer_Part_Number" originx="1250" originy="200" style="Default" rotation="0" justify="left" flipped="False" hidden="False" data="D2516ECMDXGJD-U" />
  </component>
</quadcept_library>
