<?xml version="1.0" encoding="utf-8"?>
<!--/18490206/1105701/2.50/2/3/Resistor/-->
<quadcept_library>
  <setting unit="mil" />
  <textstyle name="Default" height="47.244094488189" strokewidth="7.8740157480315" charwidth="47.244094488189" />
  <textstyle name="Dimension" height="19.6850393700787" strokewidth="0" charwidth="19.6850393700787" />
  <textstyle name="H127W0635TH00762" height="50" strokewidth="3" charwidth="25" />
  <textstyle name="H15W15TH02" height="59.0551181102362" strokewidth="7.8740157480315" charwidth="59.0551181102362" />
  <padstyle name="s150_h100" surface="False" plated="True" isvia="False" nopaste="True" nomask="True" complex="False" holesize="39.370078740157">
    <padshape layer="TOP" shape="square" width="59.055118110235" height="59.055118110235" />
    <padshape layer="TOP_SOLDER_MASK" shape="square" width="66.929133858267" height="66.929133858267" />
    <padshape layer="INNER" shape="square" width="59.055118110235" height="59.055118110235" />
    <padshape layer="BOTTOM" shape="square" width="59.055118110235" height="59.055118110235" />
    <padshape layer="BOTTOM_SOLDER_MASK" shape="square" width="66.929133858267" height="66.929133858267" />
  </padstyle>
  <padstyle name="c150_h100" surface="False" plated="True" isvia="False" nopaste="True" nomask="True" complex="False" holesize="39.370078740157">
    <padshape layer="TOP" shape="round" width="59.055118110235" height="59.055118110235" />
    <padshape layer="TOP_SOLDER_MASK" shape="round" width="66.929133858267" height="66.929133858267" />
    <padshape layer="INNER" shape="round" width="59.055118110235" height="59.055118110235" />
    <padshape layer="BOTTOM" shape="round" width="59.055118110235" height="59.055118110235" />
    <padshape layer="BOTTOM_SOLDER_MASK" shape="round" width="66.929133858267" height="66.929133858267" />
  </padstyle>
  <footprint name="SQP10AJB1R5" originx="0" originy="0" pickpointx="0" pickpointy="0">
    <pcbpin number="1" name="1" style="s150_h100" originx="0" originy="0" rotation="90" />
    <pcbpin number="2" name="2" style="c150_h100" originx="3385.8267716535" originy="0" rotation="90" />
    <line layer="TOP_ASSEMBLY" originx="748.03149606298" originy="187.00787401575" endx="2637.7952755905" endy="187.00787401575" width="3.9370078740157" />
    <line layer="TOP_ASSEMBLY" originx="2637.7952755905" originy="187.00787401575" endx="2637.7952755905" endy="-187.00787401575" width="3.9370078740157" />
    <line layer="TOP_ASSEMBLY" originx="2637.7952755905" originy="-187.00787401575" endx="748.03149606298" endy="-187.00787401575" width="3.9370078740157" />
    <line layer="TOP_ASSEMBLY" originx="748.03149606298" originy="-187.00787401575" endx="748.03149606298" endy="187.00787401575" width="3.9370078740157" />
    <line layer="TOP_SILKSCREEN" originx="748.03149606298" originy="187.00787401575" endx="2637.7952755905" endy="187.00787401575" width="7.8740157480314" />
    <line layer="TOP_SILKSCREEN" originx="2637.7952755905" originy="187.00787401575" endx="2637.7952755905" endy="-187.00787401575" width="7.8740157480314" />
    <line layer="TOP_SILKSCREEN" originx="2637.7952755905" originy="-187.00787401575" endx="748.03149606298" endy="-187.00787401575" width="7.8740157480314" />
    <line layer="TOP_SILKSCREEN" originx="748.03149606298" originy="-187.00787401575" endx="748.03149606298" endy="187.00787401575" width="7.8740157480314" />
    <line layer="TOP_PLACE_BOUND" originx="-68.897637795275" originy="226.3779527559" endx="3454.7244094488" endy="226.3779527559" width="3.9370078740157" />
    <line layer="TOP_PLACE_BOUND" originx="3454.7244094488" originy="226.3779527559" endx="3454.7244094488" endy="-226.3779527559" width="3.9370078740157" />
    <line layer="TOP_PLACE_BOUND" originx="3454.7244094488" originy="-226.3779527559" endx="-68.897637795275" endy="-226.3779527559" width="3.9370078740157" />
    <line layer="TOP_PLACE_BOUND" originx="-68.897637795275" originy="-226.3779527559" endx="-68.897637795275" endy="226.3779527559" width="3.9370078740157" />
    <line layer="TOP_ASSEMBLY" originx="0" originy="0" endx="748.03149606298" endy="0" width="3.9370078740157" />
    <line layer="TOP_ASSEMBLY" originx="3385.8267716535" originy="0" endx="2637.7952755905" endy="0" width="3.9370078740157" />
    <line layer="TOP_SILKSCREEN" originx="3326.7716535433" originy="0" endx="2637.7952755905" endy="0" width="7.8740157480314" />
    <line layer="TOP_SILKSCREEN" originx="59.055118110235" originy="0" endx="748.03149606298" endy="0" width="7.8740157480314" />
    <line layer="TOP_SILKSCREEN" originx="-47.244094488188" originy="0" endx="-47.244094488188" endy="0" width="3.9370078740157" />
    <arc layer="TOP_SILKSCREEN" originx="-49.212598425196" originy="0" startangle=".0" sweepangle="180.0" radius="1.9685039370079" width="3.9370078740157" />
    <line layer="TOP_SILKSCREEN" originx="-51.181102362204" originy="0" endx="-51.181102362204" endy="0" width="3.9370078740157" />
    <arc layer="TOP_SILKSCREEN" originx="-49.212598425196" originy="0" startangle="180.0" sweepangle="180.0" radius="1.9685039370079" width="3.9370078740157" />
  </footprint>
  <symbol name="SQP10AJB-1R5" originx="0" originy="0">
    <line originx="200" originy="50" endx="500" endy="50" width="0" />
    <line originx="500" originy="-50" endx="500" endy="50" width="0" />
    <line originx="500" originy="-50" endx="200" endy="-50" width="0" />
    <line originx="200" originy="50" endx="200" endy="-50" width="0" />
    <sympin number="1" originx="200" originy="0" rotation="180" length="100" width="7.8740157480315" flipped="False">
      <text name="pinname" originx="0" originy="-10" style="Default" rotation="0" justify="upperleft" flipped="False" hidden="True" data="1" />
      <text name="pindes" originx="0" originy="10" style="Default" rotation="0" justify="lowerleft" flipped="False" hidden="False" data="1" />
    </sympin>
    <sympin number="2" originx="500" originy="0" rotation="0" length="100" width="7.8740157480315" flipped="False">
      <text name="pinname" originx="700" originy="-10" style="Default" rotation="0" justify="upperright" flipped="False" hidden="True" data="2" />
      <text name="pindes" originx="700" originy="10" style="Default" rotation="0" justify="lowerright" flipped="False" hidden="False" data="2" />
    </sympin>
  </symbol>
  <component name="SQP10AJB-1R5" designatorprefix="R" height="393.70078740157" footprint="SQP10AJB1R5">
    <comppin designator="1" sympin="1" pinswap="0" gateswap="0" gate="1" group="1" side="" type="Any" name="1" />
    <comppin designator="2" sympin="2" pinswap="0" gateswap="0" gate="1" group="1" side="" type="Any" name="2" />
    <attached_symbol gate="1" name="SQP10AJB-1R5" />
    <pinmap designator="1" footprintpin="1" />
    <pinmap designator="2" footprintpin="2" />
    <text name="Datasheet" originx="0" originy="0" style="Default" rotation="0" justify="" flipped="False" hidden="True" data="https://www.yageo.com/upload/media/product/productsearch/datasheet/lr/YAGEO SQP_NSP_datasheet_2023v1.pdf" />
    <text name="Description" originx="0" originy="0" style="Default" rotation="0" justify="" flipped="False" hidden="True" data="1.5 Ohms +/-5% 10W Through Hole Resistor Axial Flame Proof, Pulse Withstanding, Safety Cement" />
    <text name="Mouser Part Number" originx="0" originy="0" style="Default" rotation="0" justify="" flipped="False" hidden="True" data="603-SQP10AJB-1R5" />
    <text name="Mouser Price/Stock" originx="0" originy="0" style="Default" rotation="0" justify="" flipped="False" hidden="True" data="https://www.mouser.co.uk/ProductDetail/YAGEO/SQP10AJB-1R5?qs=yNCrj0CQcyIFJGQKtOdOYg%3D%3D" />
    <text name="Manufacturer_Name" originx="0" originy="0" style="Default" rotation="0" justify="" flipped="False" hidden="True" data="YAGEO" />
    <text name="Manufacturer_Part_Number" originx="550" originy="150" style="Default" rotation="0" justify="left" flipped="False" hidden="False" data="SQP10AJB-1R5" />
  </component>
</quadcept_library>
