<?xml version="1.0" encoding="utf-8"?>
<!--/272066/1105701/2.50/14/4/Connector/-->
<quadcept_library>
  <setting unit="mil" />
  <textstyle name="Default" height="47.244094488189" strokewidth="7.8740157480315" charwidth="47.244094488189" />
  <textstyle name="Dimension" height="19.6850393700787" strokewidth="0" charwidth="19.6850393700787" />
  <textstyle name="H127W0635TH00762" height="50" strokewidth="3" charwidth="25" />
  <textstyle name="H15W15TH02" height="59.0551181102362" strokewidth="7.8740157480315" charwidth="59.0551181102362" />
  <padstyle name="r95_67" surface="True" plated="False" isvia="False" nopaste="False" nomask="True" complex="False" holesize="0">
    <padshape layer="TOP" shape="rectangle" width="26.377952755905" height="37.401574803149" />
    <padshape layer="TOP_SOLDER_MASK" shape="rectangle" width="34.251968503937" height="45.275590551181" />
    <padshape layer="TOP_SOLDER_PASTE" shape="rectangle" width="26.377952755905" height="37.401574803149" />
  </padstyle>
  <padstyle name="r189_67" surface="True" plated="False" isvia="False" nopaste="False" nomask="True" complex="False" holesize="0">
    <padshape layer="TOP" shape="rectangle" width="26.377952755905" height="74.409448818897" />
    <padshape layer="TOP_SOLDER_MASK" shape="rectangle" width="34.251968503937" height="82.283464566928" />
    <padshape layer="TOP_SOLDER_PASTE" shape="rectangle" width="26.377952755905" height="74.409448818897" />
  </padstyle>
  <padstyle name="r200_135" surface="True" plated="False" isvia="False" nopaste="False" nomask="True" complex="False" holesize="0">
    <padshape layer="TOP" shape="rectangle" width="53.149606299212" height="78.740157480314" />
    <padshape layer="TOP_SOLDER_MASK" shape="rectangle" width="61.023622047243" height="86.614173228345" />
    <padshape layer="TOP_SOLDER_PASTE" shape="rectangle" width="53.149606299212" height="78.740157480314" />
  </padstyle>
  <footprint name="693023010811" originx="0" originy="0" pickpointx="0" pickpointy="0">
    <pcbpin number="1" name="1" style="r95_67" originx="198.03149606299" originy="258.85826771653" rotation="0" />
    <pcbpin number="2" name="2" style="r95_67" originx="68.110236220472" originy="258.85826771653" rotation="0" />
    <pcbpin number="3" name="3" style="r95_67" originx="-18.503937007874" originy="258.85826771653" rotation="0" />
    <pcbpin number="4" name="4" style="r95_67" originx="-105.11811023622" originy="258.85826771653" rotation="0" />
    <pcbpin number="5" name="5" style="r95_67" originx="154.72440944882" originy="258.85826771653" rotation="0" />
    <pcbpin number="6" name="6" style="r95_67" originx="24.803149606299" originy="258.85826771653" rotation="0" />
    <pcbpin number="7" name="7" style="r95_67" originx="-61.811023622046" originy="258.85826771653" rotation="0" />
    <pcbpin number="8" name="8" style="r95_67" originx="-148.42519685039" originy="258.85826771653" rotation="0" />
    <pcbpin number="9" name="9" style="r95_67" originx="111.41732283464" originy="258.85826771653" rotation="0" />
    <pcbpin number="10" name="10" style="r189_67" originx="-221.06299212598" originy="258.85826771653" rotation="90" />
    <pcbpin number="11" name="11" style="r200_135" originx="-241.33858267716" originy="106.29921259842" rotation="0" />
    <pcbpin number="12" name="12" style="r200_135" originx="-241.33858267716" originy="-194.88188976378" rotation="0" />
    <pcbpin number="13" name="13" style="r200_135" originx="241.33858267716" originy="-194.88188976378" rotation="0" />
    <pcbpin number="14" name="14" style="r200_135" originx="241.33858267716" originy="106.29921259842" rotation="0" />
    <line layer="TOP_ASSEMBLY" originx="-261.81102362204" originy="258.85826771653" endx="261.81102362204" endy="258.85826771653" width="7.8740157480314" />
    <line layer="TOP_ASSEMBLY" originx="261.81102362204" originy="258.85826771653" endx="261.81102362204" endy="-277.55905511811" width="7.8740157480314" />
    <line layer="TOP_ASSEMBLY" originx="261.81102362204" originy="-277.55905511811" endx="-261.81102362204" endy="-277.55905511811" width="7.8740157480314" />
    <line layer="TOP_ASSEMBLY" originx="-261.81102362204" originy="-277.55905511811" endx="-261.81102362204" endy="258.85826771653" width="7.8740157480314" />
    <line layer="TOP_PLACE_BOUND" originx="-307.28346456693" originy="316.92913385826" endx="307.28346456693" endy="316.92913385826" width="3.9370078740157" />
    <line layer="TOP_PLACE_BOUND" originx="307.28346456693" originy="316.92913385826" endx="307.28346456693" endy="-316.92913385826" width="3.9370078740157" />
    <line layer="TOP_PLACE_BOUND" originx="307.28346456693" originy="-316.92913385826" endx="-307.28346456693" endy="-316.92913385826" width="3.9370078740157" />
    <line layer="TOP_PLACE_BOUND" originx="-307.28346456693" originy="-316.92913385826" endx="-307.28346456693" endy="316.92913385826" width="3.9370078740157" />
    <line layer="TOP_SILKSCREEN" originx="-261.81102362204" originy="41.338582677165" endx="-261.81102362204" endy="-135.82677165354" width="3.9370078740157" />
    <line layer="TOP_SILKSCREEN" originx="-261.81102362204" originy="-253.93700787401" endx="-261.81102362204" endy="-273.62204724409" width="3.9370078740157" />
    <line layer="TOP_SILKSCREEN" originx="-261.81102362204" originy="-273.62204724409" endx="-261.81102362204" endy="-277.55905511811" width="3.9370078740157" />
    <line layer="TOP_SILKSCREEN" originx="-261.81102362204" originy="-277.55905511811" endx="255.90551181102" endy="-277.55905511811" width="3.9370078740157" />
    <line layer="TOP_SILKSCREEN" originx="255.90551181102" originy="-277.55905511811" endx="261.81102362204" endy="-277.55905511811" width="3.9370078740157" />
    <line layer="TOP_SILKSCREEN" originx="261.81102362204" originy="-277.55905511811" endx="261.81102362204" endy="-253.93700787401" width="3.9370078740157" />
    <line layer="TOP_SILKSCREEN" originx="261.81102362204" originy="41.338582677165" endx="261.81102362204" endy="-135.82677165354" width="3.9370078740157" />
    <line layer="TOP_SILKSCREEN" originx="236.22047244094" originy="258.85826771653" endx="261.81102362204" endy="258.85826771653" width="3.9370078740157" />
    <line layer="TOP_SILKSCREEN" originx="261.81102362204" originy="258.85826771653" endx="261.81102362204" endy="159.44881889764" width="3.9370078740157" />
    <line layer="TOP_SILKSCREEN" originx="-261.81102362204" originy="238.18897637795" endx="-261.81102362204" endy="159.44881889764" width="3.9370078740157" />
  </footprint>
  <symbol name="693023010811" originx="0" originy="0">
    <line originx="200" originy="100" endx="1500" endy="100" width="0" />
    <line originx="1500" originy="-700" endx="1500" endy="100" width="0" />
    <line originx="1500" originy="-700" endx="200" endy="-700" width="0" />
    <line originx="200" originy="100" endx="200" endy="-700" width="0" />
    <sympin number="1" originx="200" originy="0" rotation="180" length="100" width="7.8740157480315" flipped="False">
      <text name="pinname" originx="230" originy="0" style="Default" rotation="0" justify="left" flipped="False" hidden="False" data="VCC" />
      <text name="pindes" originx="140" originy="20" style="Default" rotation="0" justify="lowerright" flipped="False" hidden="False" data="1" />
    </sympin>
    <sympin number="2" originx="200" originy="-100" rotation="180" length="100" width="7.8740157480315" flipped="False">
      <text name="pinname" originx="230" originy="-100" style="Default" rotation="0" justify="left" flipped="False" hidden="False" data="RST" />
      <text name="pindes" originx="140" originy="-80" style="Default" rotation="0" justify="lowerright" flipped="False" hidden="False" data="2" />
    </sympin>
    <sympin number="3" originx="200" originy="-200" rotation="180" length="100" width="7.8740157480315" flipped="False">
      <text name="pinname" originx="230" originy="-200" style="Default" rotation="0" justify="left" flipped="False" hidden="False" data="CLK" />
      <text name="pindes" originx="140" originy="-180" style="Default" rotation="0" justify="lowerright" flipped="False" hidden="False" data="3" />
    </sympin>
    <sympin number="4" originx="200" originy="-300" rotation="180" length="100" width="7.8740157480315" flipped="False">
      <text name="pinname" originx="230" originy="-300" style="Default" rotation="0" justify="left" flipped="False" hidden="False" data="RESERVED_1" />
      <text name="pindes" originx="140" originy="-280" style="Default" rotation="0" justify="lowerright" flipped="False" hidden="False" data="4" />
    </sympin>
    <sympin number="5" originx="200" originy="-400" rotation="180" length="100" width="7.8740157480315" flipped="False">
      <text name="pinname" originx="230" originy="-400" style="Default" rotation="0" justify="left" flipped="False" hidden="False" data="GND" />
      <text name="pindes" originx="140" originy="-380" style="Default" rotation="0" justify="lowerright" flipped="False" hidden="False" data="5" />
    </sympin>
    <sympin number="6" originx="200" originy="-500" rotation="180" length="100" width="7.8740157480315" flipped="False">
      <text name="pinname" originx="230" originy="-500" style="Default" rotation="0" justify="left" flipped="False" hidden="False" data="VPP" />
      <text name="pindes" originx="140" originy="-480" style="Default" rotation="0" justify="lowerright" flipped="False" hidden="False" data="6" />
    </sympin>
    <sympin number="7" originx="200" originy="-600" rotation="180" length="100" width="7.8740157480315" flipped="False">
      <text name="pinname" originx="230" originy="-600" style="Default" rotation="0" justify="left" flipped="False" hidden="False" data="I/O" />
      <text name="pindes" originx="140" originy="-580" style="Default" rotation="0" justify="lowerright" flipped="False" hidden="False" data="7" />
    </sympin>
    <sympin number="8" originx="1500" originy="0" rotation="0" length="100" width="7.8740157480315" flipped="False">
      <text name="pinname" originx="1470" originy="0" style="Default" rotation="0" justify="right" flipped="False" hidden="False" data="RESERVED_2" />
      <text name="pindes" originx="1560" originy="20" style="Default" rotation="0" justify="lowerleft" flipped="False" hidden="False" data="8" />
    </sympin>
    <sympin number="9" originx="1500" originy="-100" rotation="0" length="100" width="7.8740157480315" flipped="False">
      <text name="pinname" originx="1470" originy="-100" style="Default" rotation="0" justify="right" flipped="False" hidden="False" data="SW_" />
      <text name="pindes" originx="1560" originy="-80" style="Default" rotation="0" justify="lowerleft" flipped="False" hidden="False" data="9" />
    </sympin>
    <sympin number="10" originx="1500" originy="-200" rotation="0" length="100" width="7.8740157480315" flipped="False">
      <text name="pinname" originx="1470" originy="-200" style="Default" rotation="0" justify="right" flipped="False" hidden="False" data="10" />
      <text name="pindes" originx="1560" originy="-180" style="Default" rotation="0" justify="lowerleft" flipped="False" hidden="False" data="10" />
    </sympin>
    <sympin number="11" originx="1500" originy="-300" rotation="0" length="100" width="7.8740157480315" flipped="False">
      <text name="pinname" originx="1470" originy="-300" style="Default" rotation="0" justify="right" flipped="False" hidden="False" data="11" />
      <text name="pindes" originx="1560" originy="-280" style="Default" rotation="0" justify="lowerleft" flipped="False" hidden="False" data="11" />
    </sympin>
    <sympin number="12" originx="1500" originy="-400" rotation="0" length="100" width="7.8740157480315" flipped="False">
      <text name="pinname" originx="1470" originy="-400" style="Default" rotation="0" justify="right" flipped="False" hidden="False" data="12" />
      <text name="pindes" originx="1560" originy="-380" style="Default" rotation="0" justify="lowerleft" flipped="False" hidden="False" data="12" />
    </sympin>
    <sympin number="13" originx="1500" originy="-500" rotation="0" length="100" width="7.8740157480315" flipped="False">
      <text name="pinname" originx="1470" originy="-500" style="Default" rotation="0" justify="right" flipped="False" hidden="False" data="13" />
      <text name="pindes" originx="1560" originy="-480" style="Default" rotation="0" justify="lowerleft" flipped="False" hidden="False" data="13" />
    </sympin>
    <sympin number="14" originx="1500" originy="-600" rotation="0" length="100" width="7.8740157480315" flipped="False">
      <text name="pinname" originx="1470" originy="-600" style="Default" rotation="0" justify="right" flipped="False" hidden="False" data="14" />
      <text name="pindes" originx="1560" originy="-580" style="Default" rotation="0" justify="lowerleft" flipped="False" hidden="False" data="14" />
    </sympin>
  </symbol>
  <component name="693023010811" designatorprefix="J" height="157.48031496063" footprint="693023010811">
    <comppin designator="1" sympin="1" pinswap="0" gateswap="0" gate="1" group="1" side="" type="Any" name="VCC" />
    <comppin designator="2" sympin="2" pinswap="0" gateswap="0" gate="1" group="1" side="" type="Any" name="RST" />
    <comppin designator="3" sympin="3" pinswap="0" gateswap="0" gate="1" group="1" side="" type="Any" name="CLK" />
    <comppin designator="4" sympin="4" pinswap="0" gateswap="0" gate="1" group="1" side="" type="Any" name="RESERVED_1" />
    <comppin designator="5" sympin="5" pinswap="0" gateswap="0" gate="1" group="1" side="" type="Any" name="GND" />
    <comppin designator="6" sympin="6" pinswap="0" gateswap="0" gate="1" group="1" side="" type="Any" name="VPP" />
    <comppin designator="7" sympin="7" pinswap="0" gateswap="0" gate="1" group="1" side="" type="Any" name="I/O" />
    <comppin designator="8" sympin="8" pinswap="0" gateswap="0" gate="1" group="1" side="" type="Any" name="RESERVED_2" />
    <comppin designator="9" sympin="9" pinswap="0" gateswap="0" gate="1" group="1" side="" type="Any" name="SW_" />
    <comppin designator="10" sympin="10" pinswap="0" gateswap="0" gate="1" group="1" side="" type="Any" name="10" />
    <comppin designator="11" sympin="11" pinswap="0" gateswap="0" gate="1" group="1" side="" type="Any" name="11" />
    <comppin designator="12" sympin="12" pinswap="0" gateswap="0" gate="1" group="1" side="" type="Any" name="12" />
    <comppin designator="13" sympin="13" pinswap="0" gateswap="0" gate="1" group="1" side="" type="Any" name="13" />
    <comppin designator="14" sympin="14" pinswap="0" gateswap="0" gate="1" group="1" side="" type="Any" name="14" />
    <attached_symbol gate="1" name="693023010811" />
    <pinmap designator="1" footprintpin="1" />
    <pinmap designator="2" footprintpin="2" />
    <pinmap designator="3" footprintpin="3" />
    <pinmap designator="4" footprintpin="4" />
    <pinmap designator="5" footprintpin="5" />
    <pinmap designator="6" footprintpin="6" />
    <pinmap designator="7" footprintpin="7" />
    <pinmap designator="8" footprintpin="8" />
    <pinmap designator="9" footprintpin="9" />
    <pinmap designator="10" footprintpin="10" />
    <pinmap designator="11" footprintpin="11" />
    <pinmap designator="12" footprintpin="12" />
    <pinmap designator="13" footprintpin="13" />
    <pinmap designator="14" footprintpin="14" />
    <text name="Datasheet" originx="0" originy="0" style="Default" rotation="0" justify="" flipped="False" hidden="True" data="https://katalog.we-online.com/em/datasheet/693023010811.pdf" />
    <text name="Description" originx="0" originy="0" style="Default" rotation="0" justify="" flipped="False" hidden="True" data="Micro SIMPushPull-Card Detection" />
    <text name="Mouser Part Number" originx="0" originy="0" style="Default" rotation="0" justify="" flipped="False" hidden="True" data="710-693023010811" />
    <text name="Mouser Price/Stock" originx="0" originy="0" style="Default" rotation="0" justify="" flipped="False" hidden="True" data="https://www.mouser.co.uk/ProductDetail/Wurth-Elektronik/693023010811?qs=a9WhcLg8qCwvzFrXNR2ZFw%3D%3D" />
    <text name="Manufacturer_Name" originx="0" originy="0" style="Default" rotation="0" justify="" flipped="False" hidden="True" data="Wurth Elektronik" />
    <text name="Manufacturer_Part_Number" originx="1550" originy="200" style="Default" rotation="0" justify="left" flipped="False" hidden="False" data="693023010811" />
  </component>
</quadcept_library>
