<?xml version="1.0" encoding="utf-8"?>
<!--/1403892/1105701/2.50/7/4/Integrated Circuit/-->
<quadcept_library>
  <setting unit="mil" />
  <textstyle name="Default" height="47.244094488189" strokewidth="7.8740157480315" charwidth="47.244094488189" />
  <textstyle name="Dimension" height="19.6850393700787" strokewidth="0" charwidth="19.6850393700787" />
  <textstyle name="H127W0635TH00762" height="50" strokewidth="3" charwidth="25" />
  <textstyle name="H15W15TH02" height="59.0551181102362" strokewidth="7.8740157480315" charwidth="59.0551181102362" />
  <padstyle name="r66_37.5" surface="True" plated="False" isvia="False" nopaste="False" nomask="True" complex="False" holesize="0">
    <padshape layer="TOP" shape="rectangle" width="14.763779527559" height="25.984251968504" />
    <padshape layer="TOP_SOLDER_MASK" shape="rectangle" width="22.63779527559" height="33.858267716535" />
    <padshape layer="TOP_SOLDER_PASTE" shape="rectangle" width="14.763779527559" height="25.984251968504" />
  </padstyle>
  <padstyle name="r140_108" surface="True" plated="False" isvia="False" nopaste="False" nomask="True" complex="False" holesize="0">
    <padshape layer="TOP" shape="rectangle" width="42.51968503937" height="55.11811023622" />
    <padshape layer="TOP_SOLDER_MASK" shape="rectangle" width="50.393700787401" height="62.992125984251" />
    <padshape layer="TOP_SOLDER_PASTE" shape="rectangle" width="42.51968503937" height="55.11811023622" />
  </padstyle>
  <footprint name="SKY6572381" originx="0" originy="0" pickpointx="0" pickpointy="0">
    <pcbpin number="1" name="1" style="r66_37.5" originx="-21.259842519685" originy="-40.15748031496" rotation="0" />
    <pcbpin number="2" name="2" style="r66_37.5" originx="0" originy="-40.15748031496" rotation="0" />
    <pcbpin number="3" name="3" style="r66_37.5" originx="21.259842519685" originy="-40.15748031496" rotation="0" />
    <pcbpin number="4" name="4" style="r66_37.5" originx="21.259842519685" originy="40.15748031496" rotation="0" />
    <pcbpin number="5" name="5" style="r66_37.5" originx="0" originy="40.15748031496" rotation="0" />
    <pcbpin number="6" name="6" style="r66_37.5" originx="-21.259842519685" originy="40.15748031496" rotation="0" />
    <pcbpin number="7" name="7" style="r140_108" originx="0" originy="0" rotation="90" />
    <line layer="TOP_ASSEMBLY" originx="-33.464566929133" originy="45.275590551181" endx="33.464566929133" endy="45.275590551181" width="7.8740157480314" />
    <line layer="TOP_ASSEMBLY" originx="33.464566929133" originy="45.275590551181" endx="33.464566929133" endy="-45.275590551181" width="7.8740157480314" />
    <line layer="TOP_ASSEMBLY" originx="33.464566929133" originy="-45.275590551181" endx="-33.464566929133" endy="-45.275590551181" width="7.8740157480314" />
    <line layer="TOP_ASSEMBLY" originx="-33.464566929133" originy="-45.275590551181" endx="-33.464566929133" endy="45.275590551181" width="7.8740157480314" />
    <line layer="TOP_PLACE_BOUND" originx="-72.83464566929" originy="92.519685039369" endx="72.83464566929" endy="92.519685039369" width="3.9370078740157" />
    <line layer="TOP_PLACE_BOUND" originx="72.83464566929" originy="92.519685039369" endx="72.83464566929" endy="-92.519685039369" width="3.9370078740157" />
    <line layer="TOP_PLACE_BOUND" originx="72.83464566929" originy="-92.519685039369" endx="-72.83464566929" endy="-92.519685039369" width="3.9370078740157" />
    <line layer="TOP_PLACE_BOUND" originx="-72.83464566929" originy="-92.519685039369" endx="-72.83464566929" endy="92.519685039369" width="3.9370078740157" />
    <line layer="TOP_SILKSCREEN" originx="-23.622047244094" originy="-66.929133858267" endx="-23.622047244094" endy="-66.929133858267" width="3.9370078740157" />
    <arc layer="TOP_SILKSCREEN" originx="-21.653543307086" originy="-66.929133858267" startangle="180.0" sweepangle="180.0" radius="1.9685039370079" width="3.9370078740157" />
    <line layer="TOP_SILKSCREEN" originx="-19.685039370078" originy="-66.929133858267" endx="-19.685039370078" endy="-66.929133858267" width="3.9370078740157" />
    <arc layer="TOP_SILKSCREEN" originx="-21.653543307086" originy="-66.929133858267" startangle=".0" sweepangle="180.0" radius="1.9685039370079" width="3.9370078740157" />
  </footprint>
  <symbol name="SKY65723-81" originx="0" originy="0">
    <line originx="200" originy="100" endx="1100" endy="100" width="0" />
    <line originx="1100" originy="-400" endx="1100" endy="100" width="0" />
    <line originx="1100" originy="-400" endx="200" endy="-400" width="0" />
    <line originx="200" originy="100" endx="200" endy="-400" width="0" />
    <sympin number="1" originx="200" originy="0" rotation="180" length="100" width="7.8740157480315" flipped="False">
      <text name="pinname" originx="230" originy="0" style="Default" rotation="0" justify="left" flipped="False" hidden="False" data="VCC" />
      <text name="pindes" originx="140" originy="20" style="Default" rotation="0" justify="lowerright" flipped="False" hidden="False" data="1" />
    </sympin>
    <sympin number="2" originx="200" originy="-100" rotation="180" length="100" width="7.8740157480315" flipped="False">
      <text name="pinname" originx="230" originy="-100" style="Default" rotation="0" justify="left" flipped="False" hidden="False" data="VEN" />
      <text name="pindes" originx="140" originy="-80" style="Default" rotation="0" justify="lowerright" flipped="False" hidden="False" data="2" />
    </sympin>
    <sympin number="3" originx="200" originy="-200" rotation="180" length="100" width="7.8740157480315" flipped="False">
      <text name="pinname" originx="230" originy="-200" style="Default" rotation="0" justify="left" flipped="False" hidden="False" data="RF_IN" />
      <text name="pindes" originx="140" originy="-180" style="Default" rotation="0" justify="lowerright" flipped="False" hidden="False" data="3" />
    </sympin>
    <sympin number="4" originx="200" originy="-300" rotation="180" length="100" width="7.8740157480315" flipped="False">
      <text name="pinname" originx="230" originy="-300" style="Default" rotation="0" justify="left" flipped="False" hidden="False" data="N/C_1" />
      <text name="pindes" originx="140" originy="-280" style="Default" rotation="0" justify="lowerright" flipped="False" hidden="False" data="4" />
    </sympin>
    <sympin number="5" originx="1100" originy="0" rotation="0" length="100" width="7.8740157480315" flipped="False">
      <text name="pinname" originx="1070" originy="0" style="Default" rotation="0" justify="right" flipped="False" hidden="False" data="N/C_2" />
      <text name="pindes" originx="1160" originy="20" style="Default" rotation="0" justify="lowerleft" flipped="False" hidden="False" data="5" />
    </sympin>
    <sympin number="6" originx="1100" originy="-100" rotation="0" length="100" width="7.8740157480315" flipped="False">
      <text name="pinname" originx="1070" originy="-100" style="Default" rotation="0" justify="right" flipped="False" hidden="False" data="RF_OUT" />
      <text name="pindes" originx="1160" originy="-80" style="Default" rotation="0" justify="lowerleft" flipped="False" hidden="False" data="6" />
    </sympin>
    <sympin number="7" originx="1100" originy="-200" rotation="0" length="100" width="7.8740157480315" flipped="False">
      <text name="pinname" originx="1070" originy="-200" style="Default" rotation="0" justify="right" flipped="False" hidden="False" data="EP" />
      <text name="pindes" originx="1160" originy="-180" style="Default" rotation="0" justify="lowerleft" flipped="False" hidden="False" data="7" />
    </sympin>
  </symbol>
  <component name="SKY65723-81" designatorprefix="IC" height="31.496062992126" footprint="SKY6572381">
    <comppin designator="1" sympin="1" pinswap="0" gateswap="0" gate="1" group="1" side="" type="Any" name="VCC" />
    <comppin designator="2" sympin="2" pinswap="0" gateswap="0" gate="1" group="1" side="" type="Any" name="VEN" />
    <comppin designator="3" sympin="3" pinswap="0" gateswap="0" gate="1" group="1" side="" type="Any" name="RF_IN" />
    <comppin designator="4" sympin="4" pinswap="0" gateswap="0" gate="1" group="1" side="" type="Any" name="N/C_1" />
    <comppin designator="5" sympin="5" pinswap="0" gateswap="0" gate="1" group="1" side="" type="Any" name="N/C_2" />
    <comppin designator="6" sympin="6" pinswap="0" gateswap="0" gate="1" group="1" side="" type="Any" name="RF_OUT" />
    <comppin designator="7" sympin="7" pinswap="0" gateswap="0" gate="1" group="1" side="" type="Any" name="EP" />
    <attached_symbol gate="1" name="SKY65723-81" />
    <pinmap designator="1" footprintpin="1" />
    <pinmap designator="2" footprintpin="2" />
    <pinmap designator="3" footprintpin="3" />
    <pinmap designator="4" footprintpin="4" />
    <pinmap designator="5" footprintpin="5" />
    <pinmap designator="6" footprintpin="6" />
    <pinmap designator="7" footprintpin="7" />
    <text name="Datasheet" originx="0" originy="0" style="Default" rotation="0" justify="" flipped="False" hidden="True" data="https://datasheet.datasheetarchive.com/originals/distributors/DKDS-19/379291.pdf" />
    <text name="Description" originx="0" originy="0" style="Default" rotation="0" justify="" flipped="False" hidden="True" data="RF Front End GPS/GNSS/BDS Pre-Filter" />
    <text name="Mouser Part Number" originx="0" originy="0" style="Default" rotation="0" justify="" flipped="False" hidden="True" data="873-SKY65723-81" />
    <text name="Mouser Price/Stock" originx="0" originy="0" style="Default" rotation="0" justify="" flipped="False" hidden="True" data="https://www.mouser.co.uk/ProductDetail/Skyworks-Solutions-Inc/SKY65723-81?qs=f9yNj16SXrKdgpzy80R7yQ%3D%3D" />
    <text name="Manufacturer_Name" originx="0" originy="0" style="Default" rotation="0" justify="" flipped="False" hidden="True" data="Skyworks" />
    <text name="Manufacturer_Part_Number" originx="1150" originy="200" style="Default" rotation="0" justify="left" flipped="False" hidden="False" data="SKY65723-81" />
  </component>
</quadcept_library>
