<?xml version="1.0" encoding="utf-8"?>
<!--/613539/1105701/2.50/12/4/Integrated Circuit/-->
<quadcept_library>
  <setting unit="mil" />
  <textstyle name="Default" height="47.244094488189" strokewidth="7.8740157480315" charwidth="47.244094488189" />
  <textstyle name="Dimension" height="19.6850393700787" strokewidth="0" charwidth="19.6850393700787" />
  <textstyle name="H127W0635TH00762" height="50" strokewidth="3" charwidth="25" />
  <textstyle name="H15W15TH02" height="59.0551181102362" strokewidth="7.8740157480315" charwidth="59.0551181102362" />
  <padstyle name="r250_100" surface="True" plated="False" isvia="False" nopaste="False" nomask="True" complex="False" holesize="0">
    <padshape layer="TOP" shape="rectangle" width="39.370078740157" height="98.425196850392" />
    <padshape layer="TOP_SOLDER_MASK" shape="rectangle" width="47.244094488188" height="106.29921259842" />
    <padshape layer="TOP_SOLDER_PASTE" shape="rectangle" width="39.370078740157" height="98.425196850392" />
  </padstyle>
  <footprint name="L80-M39" originx="0" originy="0" pickpointx="0" pickpointy="0">
    <pcbpin number="1" name="1" style="r250_100" originx="610.23622047243" originy="-449.99999999999" rotation="90" />
    <pcbpin number="2" name="2" style="r250_100" originx="610.23622047243" originy="-350" rotation="90" />
    <pcbpin number="3" name="3" style="r250_100" originx="610.23622047243" originy="-250" rotation="90" />
    <pcbpin number="4" name="4" style="r250_100" originx="610.23622047243" originy="-150" rotation="90" />
    <pcbpin number="5" name="5" style="r250_100" originx="610.23622047243" originy="-49.999999999999" rotation="90" />
    <pcbpin number="6" name="6" style="r250_100" originx="610.23622047243" originy="49.999999999999" rotation="90" />
    <pcbpin number="7" name="7" style="r250_100" originx="0" originy="49.999999999999" rotation="90" />
    <pcbpin number="8" name="8" style="r250_100" originx="0" originy="-49.999999999999" rotation="90" />
    <pcbpin number="9" name="9" style="r250_100" originx="0" originy="-150" rotation="90" />
    <pcbpin number="10" name="10" style="r250_100" originx="0" originy="-250" rotation="90" />
    <pcbpin number="11" name="11" style="r250_100" originx="0" originy="-350" rotation="90" />
    <pcbpin number="12" name="12" style="r250_100" originx="0" originy="-449.99999999999" rotation="90" />
    <line layer="TOP_ASSEMBLY" originx="-9.8425196850392" originy="114.96062992126" endx="620.07874015747" endy="114.96062992126" width="7.8740157480314" />
    <line layer="TOP_ASSEMBLY" originx="620.07874015747" originy="114.96062992126" endx="620.07874015747" endy="-514.96062992125" width="7.8740157480314" />
    <line layer="TOP_ASSEMBLY" originx="620.07874015747" originy="-514.96062992125" endx="-9.8425196850392" endy="-514.96062992125" width="7.8740157480314" />
    <line layer="TOP_ASSEMBLY" originx="-9.8425196850392" originy="-514.96062992125" endx="-9.8425196850392" endy="114.96062992126" width="7.8740157480314" />
    <line layer="TOP_SILKSCREEN" originx="-9.8425196850392" originy="114.96062992126" endx="620.07874015747" endy="114.96062992126" width="7.8740157480314" />
    <line layer="TOP_SILKSCREEN" originx="-9.8425196850392" originy="-514.96062992125" endx="620.07874015747" endy="-514.96062992125" width="7.8740157480314" />
    <line layer="TOP_SILKSCREEN" originx="-9.8425196850392" originy="16.929133858268" endx="-9.8425196850392" endy="-16.929133858268" width="7.8740157480314" />
    <line layer="TOP_SILKSCREEN" originx="-9.8425196850392" originy="-83.070866141731" endx="-9.8425196850392" endy="-116.92913385827" width="7.8740157480314" />
    <line layer="TOP_SILKSCREEN" originx="-9.8425196850392" originy="-183.07086614173" endx="-9.8425196850392" endy="-216.92913385827" width="7.8740157480314" />
    <line layer="TOP_SILKSCREEN" originx="-9.8425196850392" originy="-283.07086614173" endx="-9.8425196850392" endy="-316.92913385826" width="7.8740157480314" />
    <line layer="TOP_SILKSCREEN" originx="-9.8425196850392" originy="-383.07086614173" endx="-9.8425196850392" endy="-416.92913385826" width="7.8740157480314" />
    <line layer="TOP_SILKSCREEN" originx="620.07874015747" originy="16.929133858268" endx="620.07874015747" endy="-16.929133858268" width="7.8740157480314" />
    <line layer="TOP_SILKSCREEN" originx="620.07874015747" originy="-83.070866141731" endx="620.07874015747" endy="-116.92913385827" width="7.8740157480314" />
    <line layer="TOP_SILKSCREEN" originx="620.07874015747" originy="-183.07086614173" endx="620.07874015747" endy="-216.92913385827" width="7.8740157480314" />
    <line layer="TOP_SILKSCREEN" originx="620.07874015747" originy="-283.07086614173" endx="620.07874015747" endy="-316.92913385826" width="7.8740157480314" />
    <line layer="TOP_SILKSCREEN" originx="620.07874015747" originy="-383.07086614173" endx="620.07874015747" endy="-416.92913385826" width="7.8740157480314" />
    <arc layer="TOP_SILKSCREEN" originx="689.40944881889" originy="-490.74803149606" startangle="180" sweepangle="180" radius="5.6023622047244" width="11.811023622047" />
    <arc layer="TOP_SILKSCREEN" originx="689.40944881889" originy="-490.74803149606" startangle="180" sweepangle="-180" radius="5.6023622047244" width="11.811023622047" />
  </footprint>
  <symbol name="L80-M39" originx="0" originy="0">
    <line originx="200" originy="100" endx="1200" endy="100" width="0" />
    <line originx="1200" originy="-600" endx="1200" endy="100" width="0" />
    <line originx="1200" originy="-600" endx="200" endy="-600" width="0" />
    <line originx="200" originy="100" endx="200" endy="-600" width="0" />
    <sympin number="1" originx="1200" originy="-500" rotation="0" length="100" width="7.8740157480315" flipped="False">
      <text name="pinname" originx="1170" originy="-500" style="Default" rotation="0" justify="right" flipped="False" hidden="False" data="RXD1" />
      <text name="pindes" originx="1260" originy="-480" style="Default" rotation="0" justify="lowerleft" flipped="False" hidden="False" data="1" />
    </sympin>
    <sympin number="2" originx="1200" originy="-400" rotation="0" length="100" width="7.8740157480315" flipped="False">
      <text name="pinname" originx="1170" originy="-400" style="Default" rotation="0" justify="right" flipped="False" hidden="False" data="TXD1" />
      <text name="pindes" originx="1260" originy="-380" style="Default" rotation="0" justify="lowerleft" flipped="False" hidden="False" data="2" />
    </sympin>
    <sympin number="3" originx="1200" originy="-300" rotation="0" length="100" width="7.8740157480315" flipped="False">
      <text name="pinname" originx="1170" originy="-300" style="Default" rotation="0" justify="right" flipped="False" hidden="False" data="GND_1" />
      <text name="pindes" originx="1260" originy="-280" style="Default" rotation="0" justify="lowerleft" flipped="False" hidden="False" data="3" />
    </sympin>
    <sympin number="4" originx="1200" originy="-200" rotation="0" length="100" width="7.8740157480315" flipped="False">
      <text name="pinname" originx="1170" originy="-200" style="Default" rotation="0" justify="right" flipped="False" hidden="False" data="VCC" />
      <text name="pindes" originx="1260" originy="-180" style="Default" rotation="0" justify="lowerleft" flipped="False" hidden="False" data="4" />
    </sympin>
    <sympin number="5" originx="1200" originy="-100" rotation="0" length="100" width="7.8740157480315" flipped="False">
      <text name="pinname" originx="1170" originy="-100" style="Default" rotation="0" justify="right" flipped="False" hidden="False" data="V_BCKP" />
      <text name="pindes" originx="1260" originy="-80" style="Default" rotation="0" justify="lowerleft" flipped="False" hidden="False" data="5" />
    </sympin>
    <sympin number="6" originx="1200" originy="0" rotation="0" length="100" width="7.8740157480315" flipped="False">
      <text name="pinname" originx="1170" originy="0" style="Default" rotation="0" justify="right" flipped="False" hidden="False" data="1PPS" />
      <text name="pindes" originx="1260" originy="20" style="Default" rotation="0" justify="lowerleft" flipped="False" hidden="False" data="6" />
    </sympin>
    <sympin number="7" originx="200" originy="0" rotation="180" length="100" width="7.8740157480315" flipped="False">
      <text name="pinname" originx="230" originy="0" style="Default" rotation="0" justify="left" flipped="False" hidden="False" data="TIMER" />
      <text name="pindes" originx="140" originy="20" style="Default" rotation="0" justify="lowerright" flipped="False" hidden="False" data="7" />
    </sympin>
    <sympin number="8" originx="200" originy="-100" rotation="180" length="100" width="7.8740157480315" flipped="False">
      <text name="pinname" originx="230" originy="-100" style="Default" rotation="0" justify="left" flipped="False" hidden="False" data="AADET_N" />
      <text name="pindes" originx="140" originy="-80" style="Default" rotation="0" justify="lowerright" flipped="False" hidden="False" data="8" />
    </sympin>
    <sympin number="9" originx="200" originy="-200" rotation="180" length="100" width="7.8740157480315" flipped="False">
      <text name="pinname" originx="230" originy="-200" style="Default" rotation="0" justify="left" flipped="False" hidden="False" data="NC" />
      <text name="pindes" originx="140" originy="-180" style="Default" rotation="0" justify="lowerright" flipped="False" hidden="False" data="9" />
    </sympin>
    <sympin number="10" originx="200" originy="-300" rotation="180" length="100" width="7.8740157480315" flipped="False">
      <text name="pinname" originx="230" originy="-300" style="Default" rotation="0" justify="left" flipped="False" hidden="False" data="RESET" />
      <text name="pindes" originx="140" originy="-280" style="Default" rotation="0" justify="lowerright" flipped="False" hidden="False" data="10" />
    </sympin>
    <sympin number="11" originx="200" originy="-400" rotation="180" length="100" width="7.8740157480315" flipped="False">
      <text name="pinname" originx="230" originy="-400" style="Default" rotation="0" justify="left" flipped="False" hidden="False" data="EX_ANT" />
      <text name="pindes" originx="140" originy="-380" style="Default" rotation="0" justify="lowerright" flipped="False" hidden="False" data="11" />
    </sympin>
    <sympin number="12" originx="200" originy="-500" rotation="180" length="100" width="7.8740157480315" flipped="False">
      <text name="pinname" originx="230" originy="-500" style="Default" rotation="0" justify="left" flipped="False" hidden="False" data="GND_2" />
      <text name="pindes" originx="140" originy="-480" style="Default" rotation="0" justify="lowerright" flipped="False" hidden="False" data="12" />
    </sympin>
  </symbol>
  <component name="L80-M39" designatorprefix="IC" height="0" footprint="L80-M39">
    <comppin designator="1" sympin="1" pinswap="0" gateswap="0" gate="1" group="1" side="" type="Any" name="RXD1" />
    <comppin designator="2" sympin="2" pinswap="0" gateswap="0" gate="1" group="1" side="" type="Any" name="TXD1" />
    <comppin designator="3" sympin="3" pinswap="0" gateswap="0" gate="1" group="1" side="" type="Any" name="GND_1" />
    <comppin designator="4" sympin="4" pinswap="0" gateswap="0" gate="1" group="1" side="" type="Any" name="VCC" />
    <comppin designator="5" sympin="5" pinswap="0" gateswap="0" gate="1" group="1" side="" type="Any" name="V_BCKP" />
    <comppin designator="6" sympin="6" pinswap="0" gateswap="0" gate="1" group="1" side="" type="Any" name="1PPS" />
    <comppin designator="7" sympin="7" pinswap="0" gateswap="0" gate="1" group="1" side="" type="Any" name="TIMER" />
    <comppin designator="8" sympin="8" pinswap="0" gateswap="0" gate="1" group="1" side="" type="Any" name="AADET_N" />
    <comppin designator="9" sympin="9" pinswap="0" gateswap="0" gate="1" group="1" side="" type="Any" name="NC" />
    <comppin designator="10" sympin="10" pinswap="0" gateswap="0" gate="1" group="1" side="" type="Any" name="RESET" />
    <comppin designator="11" sympin="11" pinswap="0" gateswap="0" gate="1" group="1" side="" type="Any" name="EX_ANT" />
    <comppin designator="12" sympin="12" pinswap="0" gateswap="0" gate="1" group="1" side="" type="Any" name="GND_2" />
    <attached_symbol gate="1" name="L80-M39" />
    <pinmap designator="1" footprintpin="1" />
    <pinmap designator="2" footprintpin="2" />
    <pinmap designator="3" footprintpin="3" />
    <pinmap designator="4" footprintpin="4" />
    <pinmap designator="5" footprintpin="5" />
    <pinmap designator="6" footprintpin="6" />
    <pinmap designator="7" footprintpin="7" />
    <pinmap designator="8" footprintpin="8" />
    <pinmap designator="9" footprintpin="9" />
    <pinmap designator="10" footprintpin="10" />
    <pinmap designator="11" footprintpin="11" />
    <pinmap designator="12" footprintpin="12" />
    <text name="Datasheet" originx="0" originy="0" style="Default" rotation="0" justify="" flipped="False" hidden="True" data="https://datasheet.datasheetarchive.com/originals/distributors/Datasheets_SAMA/54dad088769b805410b2916ae92dc7c0.pdf" />
    <text name="Description" originx="0" originy="0" style="Default" rotation="0" justify="" flipped="False" hidden="True" data="L80 GPS Module" />
    <text name="Mouser Part Number" originx="0" originy="0" style="Default" rotation="0" justify="" flipped="False" hidden="True" data="277-L80-M39" />
    <text name="Mouser Price/Stock" originx="0" originy="0" style="Default" rotation="0" justify="" flipped="False" hidden="True" data="https://www.mouser.co.uk/ProductDetail/Quectel/L80-M39?qs=GedFDFLaBXEPqYfo45AE6g%3D%3D" />
    <text name="Manufacturer_Name" originx="0" originy="0" style="Default" rotation="0" justify="" flipped="False" hidden="True" data="Quectel" />
    <text name="Manufacturer_Part_Number" originx="1250" originy="200" style="Default" rotation="0" justify="left" flipped="False" hidden="False" data="L80-M39" />
  </component>
</quadcept_library>
