<?xml version="1.0" encoding="utf-8"?>
<!--/543734/1105701/2.50/2/3/Diode/-->
<quadcept_library>
  <setting unit="mil" />
  <textstyle name="Default" height="47.244094488189" strokewidth="7.8740157480315" charwidth="47.244094488189" />
  <textstyle name="Dimension" height="19.6850393700787" strokewidth="0" charwidth="19.6850393700787" />
  <textstyle name="H127W0635TH00762" height="50" strokewidth="3" charwidth="25" />
  <textstyle name="H15W15TH02" height="59.0551181102362" strokewidth="7.8740157480315" charwidth="59.0551181102362" />
  <padstyle name="c165_h110" surface="False" plated="True" isvia="False" nopaste="True" nomask="True" complex="False" holesize="43.307086614173">
    <padshape layer="TOP" shape="round" width="64.960629921259" height="64.960629921259" />
    <padshape layer="TOP_SOLDER_MASK" shape="round" width="72.83464566929" height="72.83464566929" />
    <padshape layer="INNER" shape="round" width="64.960629921259" height="64.960629921259" />
    <padshape layer="BOTTOM" shape="round" width="64.960629921259" height="64.960629921259" />
    <padshape layer="BOTTOM_SOLDER_MASK" shape="round" width="72.83464566929" height="72.83464566929" />
  </padstyle>
  <padstyle name="s165_h110" surface="False" plated="True" isvia="False" nopaste="True" nomask="True" complex="False" holesize="43.307086614173">
    <padshape layer="TOP" shape="square" width="64.960629921259" height="64.960629921259" />
    <padshape layer="TOP_SOLDER_MASK" shape="square" width="72.83464566929" height="72.83464566929" />
    <padshape layer="INNER" shape="round" width="64.960629921259" height="64.960629921259" />
    <padshape layer="BOTTOM" shape="square" width="64.960629921259" height="64.960629921259" />
    <padshape layer="BOTTOM_SOLDER_MASK" shape="square" width="72.83464566929" height="72.83464566929" />
  </padstyle>
  <footprint name="DIOAD1410W90L470D235" originx="0" originy="0" pickpointx="0" pickpointy="0">
    <pcbpin number="1" name="1" style="s165_h110" originx="0" originy="0" rotation="90" />
    <pcbpin number="2" name="2" style="c165_h110" originx="555.11811023621" originy="0" rotation="90" />
    <line layer="TOP_PLACE_BOUND" originx="-42.322834645669" originy="60.039370078739" endx="597.44094488188" endy="60.039370078739" width="1.9685039370079" />
    <line layer="TOP_PLACE_BOUND" originx="597.44094488188" originy="60.039370078739" endx="597.44094488188" endy="-60.039370078739" width="1.9685039370079" />
    <line layer="TOP_PLACE_BOUND" originx="597.44094488188" originy="-60.039370078739" endx="-42.322834645669" endy="-60.039370078739" width="1.9685039370079" />
    <line layer="TOP_PLACE_BOUND" originx="-42.322834645669" originy="-60.039370078739" endx="-42.322834645669" endy="60.039370078739" width="1.9685039370079" />
    <line layer="TOP_ASSEMBLY" originx="185.03937007874" originy="46.259842519684" endx="370.07874015748" endy="46.259842519684" width="3.9370078740157" />
    <line layer="TOP_ASSEMBLY" originx="370.07874015748" originy="46.259842519684" endx="370.07874015748" endy="-46.259842519684" width="3.9370078740157" />
    <line layer="TOP_ASSEMBLY" originx="370.07874015748" originy="-46.259842519684" endx="185.03937007874" endy="-46.259842519684" width="3.9370078740157" />
    <line layer="TOP_ASSEMBLY" originx="185.03937007874" originy="-46.259842519684" endx="185.03937007874" endy="46.259842519684" width="3.9370078740157" />
    <line layer="TOP_ASSEMBLY" originx="185.03937007874" originy="0" endx="231.29921259842" endy="46.259842519684" width="3.9370078740157" />
    <line layer="TOP_ASSEMBLY" originx="0" originy="0" endx="185.03937007874" endy="0" width="3.9370078740157" />
    <line layer="TOP_ASSEMBLY" originx="370.07874015748" originy="0" endx="555.11811023621" endy="0" width="3.9370078740157" />
    <line layer="TOP_SILKSCREEN" originx="185.03937007874" originy="46.259842519684" endx="370.07874015748" endy="46.259842519684" width="7.8740157480314" />
    <line layer="TOP_SILKSCREEN" originx="370.07874015748" originy="46.259842519684" endx="370.07874015748" endy="-46.259842519684" width="7.8740157480314" />
    <line layer="TOP_SILKSCREEN" originx="370.07874015748" originy="-46.259842519684" endx="185.03937007874" endy="-46.259842519684" width="7.8740157480314" />
    <line layer="TOP_SILKSCREEN" originx="185.03937007874" originy="-46.259842519684" endx="185.03937007874" endy="46.259842519684" width="7.8740157480314" />
    <line layer="TOP_SILKSCREEN" originx="185.03937007874" originy="0" endx="231.29921259842" endy="46.259842519684" width="7.8740157480314" />
    <line layer="TOP_SILKSCREEN" originx="46.259842519684" originy="0" endx="185.03937007874" endy="0" width="7.8740157480314" />
    <line layer="TOP_SILKSCREEN" originx="370.07874015748" originy="0" endx="508.85826771653" endy="0" width="7.8740157480314" />
  </footprint>
  <symbol name="1N4007B-G" originx="0" originy="0">
    <line originx="200" originy="100" endx="200" endy="-100" width="0" />
    <line originx="100" originy="0" endx="200" endy="0" width="0" />
    <line originx="400" originy="0" endx="500" endy="0" width="0" />
    <sympin number="1" originx="100" originy="0" rotation="180" length="100" width="7.8740157480315" flipped="False">
      <text name="pinname" originx="140" originy="10" style="Default" rotation="0" justify="left" flipped="False" hidden="True" data="K" />
      <text name="pindes" originx="60" originy="10" style="Default" rotation="0" justify="lowerright" flipped="False" hidden="False" data="1" />
    </sympin>
    <sympin number="2" originx="500" originy="0" rotation="0" length="100" width="7.8740157480315" flipped="False">
      <text name="pinname" originx="460" originy="10" style="Default" rotation="0" justify="right" flipped="False" hidden="True" data="A" />
      <text name="pindes" originx="540" originy="10" style="Default" rotation="0" justify="lowerleft" flipped="False" hidden="False" data="2" />
    </sympin>
    <polygon type="polygon">
      <point x="200" y="0" />
      <point x="400" y="100" />
      <point x="400" y="-100" />
    </polygon>
  </symbol>
  <component name="1N4007B-G" designatorprefix="D" height="0" footprint="DIOAD1410W90L470D235">
    <comppin designator="1" sympin="1" pinswap="0" gateswap="0" gate="1" group="1" side="" type="Any" name="K" />
    <comppin designator="2" sympin="2" pinswap="0" gateswap="0" gate="1" group="1" side="" type="Any" name="A" />
    <attached_symbol gate="1" name="1N4007B-G" />
    <pinmap designator="1" footprintpin="1" />
    <pinmap designator="2" footprintpin="2" />
    <text name="Datasheet" originx="0" originy="0" style="Default" rotation="0" justify="" flipped="False" hidden="True" data="https://componentsearchengine.com/Datasheets/1/1N4007B-G.pdf" />
    <text name="Description" originx="0" originy="0" style="Default" rotation="0" justify="" flipped="False" hidden="True" data="Rectifiers DIODE GEN PURP 1KV 1A DO41" />
    <text name="Mouser Part Number" originx="0" originy="0" style="Default" rotation="0" justify="" flipped="False" hidden="True" data="750-1N4007B-G" />
    <text name="Mouser Price/Stock" originx="0" originy="0" style="Default" rotation="0" justify="" flipped="False" hidden="True" data="https://www.mouser.co.uk/ProductDetail/Comchip-Technology/1N4007B-G?qs=BiVq4dvC%252BY5%252Bec5g3qeoiQ%3D%3D" />
    <text name="Manufacturer_Name" originx="0" originy="0" style="Default" rotation="0" justify="" flipped="False" hidden="True" data="Comchip Technology" />
    <text name="Manufacturer_Part_Number" originx="450" originy="100" style="Default" rotation="0" justify="left" flipped="False" hidden="False" data="1N4007B-G" />
  </component>
</quadcept_library>
